company,htmSym,ipoEndDate,ipoStartDate,issuePrice,linkRemovalDate,listingDate,priceRange,securityType,symbol,companyName,fetch_timestamp
Rays of Belief Limited- For Profit Social Enterprise (FPSE),momsbelief,03-SEP-2026,01-SEP-2026,-,04-SEP-2026,-,Rs.227 to Rs.239,EQ,MOMSBELIEF,,2026-09-04 03:09:57
Deepa Jewellers Limited,deepa,03-SEP-2026,01-SEP-2026,-,04-SEP-2026,-,Rs.168 to Rs.177,EQ,DEEPA,,2026-09-04 03:09:57
Purple Style Labs Limited,perniaspop,02-SEP-2026,31-AUG-2026,-,03-SEP-2026,-,Rs.546 to Rs.575,EQ,PERNIASPOP,,2026-09-04 03:09:57
Shanti Inorganics Limited,,02-SEP-2026,31-AUG-2026,-,,-,Rs.79 to Rs.83,SME,SHANTIINOR,Shanti Inorganics Limited,2026-09-04 03:09:57
Ashutosh Fibre Limited,,02-SEP-2026,31-AUG-2026,-,,-,Rs.87 to Rs.92,SME,ASHUTOSH,Ashutosh Fibre Limited,2026-09-04 03:09:57
Priority Jewels Limited,priority,01-SEP-2026,28-AUG-2026,   200,02-SEP-2026,04-SEP-2026,Rs.190 to Rs.200,BE,PRIORITY,,2026-09-04 03:09:57
ESDS Software Solution Limited,esds,01-SEP-2026,28-AUG-2026,   429,02-SEP-2026,04-SEP-2026,Rs.408 to Rs.429,EQ,ESDS,,2026-09-04 03:09:57
Lumino Industries Limited,lumino,31-AUG-2026,27-AUG-2026,    82,01-SEP-2026,03-SEP-2026,Rs.78 to Rs.82,EQ,LUMINO,,2026-09-04 03:09:57
Annu Projects Limited,annu,28-AUG-2026,25-AUG-2026,    99,29-AUG-2026,02-SEP-2026,Rs.94 to Rs.99,BE,ANNU,,2026-09-04 03:09:57
Sumax Engineering Limited,,28-AUG-2026,25-AUG-2026,101,,02-SEP-2026,Rs.95 to Rs.101,SME,SUMAX,Sumax Engineering Limited,2026-09-04 03:09:57
Symbiotec Pharmalab Limited,symbiotec,27-AUG-2026,24-AUG-2026,   988,28-AUG-2026,01-SEP-2026,Rs.938 to Rs.988,EQ,SYMBIOTEC,,2026-09-04 03:09:57
Hy-Tech Engineers Limited,htel,27-AUG-2026,24-AUG-2026,    53,28-AUG-2026,01-SEP-2026,Rs.50 to Rs.53,BE,HTEL,,2026-09-04 03:09:57
Skyways Air Services Limited,skyways,27-AUG-2026,24-AUG-2026,   138,28-AUG-2026,01-SEP-2026,Rs.131 to Rs.138,EQ,SKYWAYS,,2026-09-04 03:09:57
ABH Healthcare Limited,,27-AUG-2026,24-AUG-2026,102,,01-SEP-2026,Rs.96 to Rs.102,SME,ABH,ABH Healthcare Limited,2026-09-04 03:09:57
Madhur Knit Crafts Limited,,27-AUG-2026,24-AUG-2026,100,,01-SEP-2026,Rs.95 to Rs.100,SME,MADHURKNIT,Madhur Knit Crafts Limited,2026-09-04 03:09:57
Augmont Enterprises Limited,augmont,25-AUG-2026,21-AUG-2026,   788,26-AUG-2026,31-AUG-2026,Rs.750 to Rs.788,EQ,AUGMONT,,2026-09-04 03:09:57
Tempsens Instruments (India) Limited,tempsens,24-AUG-2026,20-AUG-2026,   300,25-AUG-2026,28-AUG-2026,Rs.285 to Rs.300,EQ,TEMPSENS,,2026-09-04 03:09:57
Gaja Alternative Asset Management Limited,gaja,21-AUG-2026,19-AUG-2026,   160,22-AUG-2026,26-AUG-2026,Rs.152 to Rs.160,EQ,GAJA,,2026-09-04 03:09:57
Sunshine Pictures Limited,sunshine,20-AUG-2026,18-AUG-2026,   360,21-AUG-2026,25-AUG-2026,Rs.342 to Rs.360,EQ,SUNSHINE,,2026-09-04 03:09:57
Shankesh Jewellers Limited,shankesh,20-AUG-2026,18-AUG-2026,    93,21-AUG-2026,25-AUG-2026,Rs.88 to Rs.93,EQ,SHANKESH,,2026-09-04 03:09:57
Lalithaa Jewellery Mart Limited,lalithaa,19-AUG-2026,17-AUG-2026,   201,20-AUG-2026,24-AUG-2026,Rs.190 to Rs.201,EQ,LALITHAA,,2026-09-04 03:09:57
Horizon Industrial Parks Limited,horizonind,19-AUG-2026,17-AUG-2026,    60,20-AUG-2026,24-AUG-2026,Rs.57 to Rs.60,EQ,HORIZONIND,,2026-09-04 03:09:57
Skytech Infinite Platform Limited,,18-AUG-2026,14-AUG-2026,77,,21-AUG-2026,Rs.73 to Rs.77,SME,SKYTECH,Skytech Infinite Platform Limited,2026-09-04 03:09:57
Credent Connect N Care Limited,,17-AUG-2026,13-AUG-2026,189,,20-AUG-2026,Rs.179 to Rs.189,SME,CREDENT,Credent Connect N Care Limited,2026-09-04 03:09:57
Shiprocket Limited,shiprocket,14-AUG-2026,12-AUG-2026,    97,15-AUG-2026,19-AUG-2026,Rs.92 to Rs.97,EQ,SHIPROCKET,,2026-09-04 03:09:57
Behari Lal Engineering Limited,blel,14-AUG-2026,12-AUG-2026,   285,15-AUG-2026,19-AUG-2026,Rs.271 to Rs.285,EQ,BLEL,,2026-09-04 03:09:57
Pramodini Medicare Limited,,14-AUG-2026,12-AUG-2026,118,,19-AUG-2026,Rs.110 to Rs.118,SME,PRAMODINI,Pramodini Medicare Limited,2026-09-04 03:09:57
Milky Mist Dairy Food Limited,milkymist,13-AUG-2026,11-AUG-2026,   140,14-AUG-2026,18-AUG-2026,Rs.133 to Rs.140,EQ,MILKYMIST,,2026-09-04 03:09:57
Fascinate Textiles Limited,,19-AUG-2026,11-AUG-2026,151,,24-AUG-2026,Rs.142 to Rs.151,SME,FASCINATE,Fascinate Textiles Limited,2026-09-04 03:09:57
Molbio Diagnostics Limited,molbio,12-AUG-2026,10-AUG-2026,   807,13-AUG-2026,17-AUG-2026,Rs.768 to Rs.807,EQ,MOLBIO,,2026-09-04 03:09:57
Dhoot Transmission Limited,dhoottrans,12-AUG-2026,10-AUG-2026,   871,13-AUG-2026,17-AUG-2026,Rs.829 to Rs.871,EQ,DHOOTTRANS,,2026-09-04 03:09:57
Leap India Limited,leap,11-AUG-2026,07-AUG-2026,   159,12-AUG-2026,14-AUG-2026,Rs.151 to Rs.159,EQ,LEAP,,2026-09-04 03:09:57
Technocraft Ventures Limited,technocraf,11-AUG-2026,07-AUG-2026,   212,12-AUG-2026,14-AUG-2026,Rs.200 to Rs.212,EQ,TECHNOCRAF,,2026-09-04 03:09:57
Optimystix Entertainment India Limited,,11-AUG-2026,07-AUG-2026,175,,14-AUG-2026,Rs.166 to Rs.175,SME,OPTIMYSTIX,Optimystix Entertainment India Limited,2026-09-04 03:09:57
Ardee Industries Limited,ardee,07-AUG-2026,05-AUG-2026,    53,08-AUG-2026,12-AUG-2026,Rs.50 to Rs.53,EQ,ARDEE,,2026-09-04 03:09:57
Anawil Wire and Engineering Limited,,05-AUG-2026,03-AUG-2026,270,,10-AUG-2026,Rs.257 to Rs.270,SME,ANAWIL,Anawil Wire and Engineering Limited,2026-09-04 03:09:57
Juniper Green Energy Limited,jnpr,03-AUG-2026,30-JUL-2026,   225,04-AUG-2026,06-AUG-2026,Rs.214 to Rs.225,EQ,JNPR,,2026-09-04 03:09:57
MV Electrosystems Limited,mvelectro,03-AUG-2026,30-JUL-2026,   425,04-AUG-2026,06-AUG-2026,Rs.400 to Rs.425,EQ,MVELECTRO,,2026-09-04 03:09:57
Manipal Health Enterprises Limited,manipalhos,31-JUL-2026,29-JUL-2026,   590,01-AUG-2026,05-AUG-2026,Rs.560 to Rs.590,EQ,MANIPALHOS,,2026-09-04 03:09:57
Propshop Events and Exhibitions Limited,,29-JUL-2026,27-JUL-2026,69,,03-AUG-2026,Rs.65 to Rs.69,SME,PROPSHOP,Propshop Events and Exhibitions Limited,2026-09-04 03:09:57
Xtranet Technologies Limited,xtranet,27-JUL-2026,23-JUL-2026,   127,28-JUL-2026,30-JUL-2026,Rs.120 to Rs.127,BE,XTRANET,,2026-09-04 03:09:57
INDO-MIM Limited,indomim,27-JUL-2026,23-JUL-2026,   485,28-JUL-2026,30-JUL-2026,Rs.461 to Rs.485,EQ,INDOMIM,,2026-09-04 03:09:57
Lohia Corp Limited,lcl,27-JUL-2026,23-JUL-2026,   425,28-JUL-2026,30-JUL-2026,Rs.404 to Rs.425,EQ,LCL,,2026-09-04 03:09:57
Cube Highways Trust,cubeinvit,24-JUL-2026,22-JUL-2026,   156,28-JUL-2026,31-JUL-2026,Rs.151 to Rs.152,IV,CUBEINVIT,,2026-09-04 03:09:57
Metalic Technoforge Limited,,23-JUL-2026,21-JUL-2026,77,,28-JUL-2026,Rs.72 to Rs.77,SME,METALIC,Metalic Technoforge Limited,2026-09-04 03:09:57
Caliber Mining and Logistics Limited,cmll,21-JUL-2026,17-JUL-2026,   424,22-JUL-2026,24-JUL-2026,Rs.402 to Rs.424,EQ,CMLL,,2026-09-04 03:09:57
Alpine Texworld Limited,alpinetex,16-JUL-2026,14-JUL-2026,   105,17-JUL-2026,21-JUL-2026,Rs.100 to Rs.105,BE,ALPINETEX,,2026-09-04 03:09:57
SBI Funds Management Limited,sbifunds,16-JUL-2026,14-JUL-2026,   574,17-JUL-2026,21-JUL-2026,Rs.545 to Rs.574,EQ,SBIFUNDS,,2026-09-04 03:09:57
Laser Power & Infra Limited,laserpower,13-JUL-2026,09-JUL-2026,   214,14-JUL-2026,16-JUL-2026,Rs.203 to Rs.214,EQ,LASERPOWER,,2026-09-04 03:09:57
Happy Steels Limited,,13-JUL-2026,09-JUL-2026,66,,16-JUL-2026,Rs.62 to Rs.66,SME,HAPPY,Happy Steels Limited,2026-09-04 03:09:57
Kusumgar Limited,kusumgar,10-JUL-2026,08-JUL-2026,   419,11-JUL-2026,15-JUL-2026,Rs.398 to Rs.419,EQ,KUSUMGAR,,2026-09-04 03:09:57
IC Electricals Company Limited,,07-JUL-2026,03-JUL-2026,99,,10-JUL-2026,Rs.94 to Rs.99,SME,ICELCO,IC Electricals Company Limited,2026-09-04 03:09:57
Knack Packaging Limited,knack,03-JUL-2026,01-JUL-2026,   170,04-JUL-2026,08-JUL-2026,Rs.161 to Rs.170,EQ,KNACK,,2026-09-04 03:09:57
Vinit Mobile Limited,,02-JUL-2026,30-JUN-2026,158,,07-JUL-2026,Rs.150 to Rs.158,SME,VMOBILE,Vinit Mobile Limited,2026-09-04 03:09:57
Teja Engineering Industries Limited,,02-JUL-2026,30-JUN-2026,220,,07-JUL-2026,Rs.220,SME,TEJA,Teja Engineering Industries Limited,2026-09-04 03:09:57
Aastha Spintex Limited,aastha,01-JUL-2026,29-JUN-2026,   136,02-JUL-2026,06-JUL-2026,Rs.125 to Rs.136 ,BE,AASTHA,,2026-09-04 03:09:57
IC Electricals Company Limited-Issue postponed,,30-JUN-2026,25-JUN-2026,-,,-,Rs.94 to Rs.99,SME,ICEL,IC Electricals Company Limited-Issue postponed,2026-09-04 03:09:57
CSM Technologies Limited,csm,29-JUN-2026,24-JUN-2026,   113,30-JUN-2026,02-JUL-2026,Rs.107 to Rs.113 ,BE,CSM,,2026-09-04 03:09:57
Sri Priyanka Geo Commex Limited-Issue Withdrawn,,29-JUN-2026,24-JUN-2026,-,,-,Rs.207 to Rs.212,SME,SPGCL,Sri Priyanka Geo Commex Limited-Issue Withdrawn,2026-09-04 03:09:57
Advit Jewels Limited,rambhajo,25-JUN-2026,23-JUN-2026,   138,26-JUN-2026,01-JUL-2026,Rs.130 to Rs.138,BE,RAMBHAJO,,2026-09-04 03:09:57
Waterways Leisure Tourism Limited,cordelia,25-JUN-2026,23-JUN-2026,   808,26-JUN-2026,01-JUL-2026,Rs.769 to Rs.808 ,EQ,CORDELIA,,2026-09-04 03:09:57
Shreedhar Spinners Limited,,25-JUN-2026,23-JUN-2026,53,,01-JUL-2026,Rs.51 to Rs.53,SME,SHREEDHAR,Shreedhar Spinners Limited,2026-09-04 03:09:57
Turtlemint Fintech Solutions Limited,turtlemint,23-JUN-2026,19-JUN-2026,   152,24-JUN-2026,29-JUN-2026,Rs.144 to Rs.152,EQ,TURTLEMINT,,2026-09-04 03:09:57
Avience Biomedicals Limited,,22-JUN-2026,18-JUN-2026,208,,25-JUN-2026,Rs.196 to Rs.208,SME,AVIENCE,Avience Biomedicals Limited,2026-09-04 03:09:57
Clay Craft India Limited,,19-JUN-2026,17-JUN-2026,203,,24-JUN-2026,Rs.193 to Rs.203,SME,CLAYCRAFT,Clay Craft India Limited,2026-09-04 03:09:57
Utkal Speciality Industries India Limited,,12-JUN-2026,10-JUN-2026,66,,17-JUN-2026,Rs.62 to Rs.66,SME,UTKAL,Utkal Speciality Industries India Limited,2026-09-04 03:09:57
Hexagon Nutrition Limited,hexagon,09-JUN-2026,05-JUN-2026,    45,10-JUN-2026,12-JUN-2026,Rs.42 to Rs.45,BE,HEXAGON,,2026-09-04 03:09:57
GenXAI Analytics Limited,,09-JUN-2026,05-JUN-2026,116,,12-JUN-2026,Rs.110 to Rs.116,SME,GENXAI,GenXAI Analytics Limited,2026-09-04 03:09:57
CMR Green Technologies Limited,cmrgreen,05-JUN-2026,03-JUN-2026,   192,06-JUN-2026,10-JUN-2026,Rs.182 to Rs.192,EQ,CMRGREEN,,2026-09-04 03:09:57
Bio Medica Laboratories Limited,,25-MAY-2026,21-MAY-2026,139,,29-MAY-2026,Rs.132 to Rs.139,SME,BMLL,Bio Medica Laboratories Limited,2026-09-04 03:09:57
Q-Line Biotech Limited,,25-MAY-2026,21-MAY-2026,343,,29-MAY-2026,Rs.326 to Rs.343,SME,QLINE,Q-Line Biotech Limited,2026-09-04 03:09:57
Teamtech Formwork Solutions Limited,,21-MAY-2026,19-MAY-2026,63,,26-MAY-2026,Rs.61 to Rs.63,SME,TEAMTECH,Teamtech Formwork Solutions Limited,2026-09-04 03:09:57
NFP Sampoorna Foods Limited,,20-MAY-2026,18-MAY-2026,55,,25-MAY-2026,Rs.52 to Rs.55,SME,NFPSAMPOOR,NFP Sampoorna Foods Limited,2026-09-04 03:09:57
RFBL Flexi Pack Limited,,14-MAY-2026,12-MAY-2026,50,,19-MAY-2026,Rs.47 to Rs.50,SME,RFBL,RFBL Flexi Pack Limited,2026-09-04 03:09:57
Simca Advertising Limited,,12-MAY-2026,08-MAY-2026,183,,15-MAY-2026,Rs.174 to Rs.183,SME,SIMCA,Simca Advertising Limited,2026-09-04 03:09:57
Bagmane Prime Office REIT,bagmane,07-MAY-2026,05-MAY-2026,   100,09-MAY-2026,14-MAY-2026,Rs.95 to Rs.100,RR,BAGMANE,,2026-09-04 03:09:57
Value 360 Communications Limited,,06-MAY-2026,04-MAY-2026,98,,11-MAY-2026,Rs.95 to Rs.98,SME,VALUE360,Value 360 Communications Limited,2026-09-04 03:09:57
Onemi Technology Solutions Limited,kissht,05-MAY-2026,30-APR-2026,   171,06-MAY-2026,08-MAY-2026,Rs.162 to Rs.171,EQ,KISSHT,,2026-09-04 03:09:57
Amba Auto Sales and Services Limited,,29-APR-2026,27-APR-2026,135,,05-MAY-2026,Rs.130 to Rs.135,SME,AMBAAUTO,Amba Auto Sales and Services Limited,2026-09-04 03:09:57
Adisoft Technologies Limited,,27-APR-2026,23-APR-2026,172,,30-APR-2026,Rs.163 to Rs.172,SME,ADISOFT,Adisoft Technologies Limited,2026-09-04 03:09:57
Citius Transnet Investment Trust,citiusinvt,21-APR-2026,17-APR-2026,   100,23-APR-2026,29-APR-2026,Rs.99 to Rs.100,IV,CITIUSINVT,,2026-09-04 03:09:57
Om Power Transmission Limited,ompower,13-APR-2026,09-APR-2026,   175,14-APR-2026,17-APR-2026,Rs.166 to Rs.175,BE,OMPOWER,,2026-09-04 03:09:57
Vivid Electromech Limited,,30-MAR-2026,25-MAR-2026,555,,07-APR-2026,Rs.528 to Rs.555,SME,VIVIDEL,Vivid Electromech Limited,2026-09-04 03:09:57
Amir Chand Jagdish Kumar (Exports) Limited,amirchand,27-MAR-2026,24-MAR-2026,   212,28-MAR-2026,02-APR-2026,Rs.201 to Rs.212,EQ,AMIRCHAND,,2026-09-04 03:09:57
Sai Parenteral's Limited,saiparent,27-MAR-2026,24-MAR-2026,   392,28-MAR-2026,02-APR-2026,Rs.372 to Rs.392,EQ,SAIPARENT,,2026-09-04 03:09:57
Powerica Limited,powerica,27-MAR-2026,24-MAR-2026,   395,28-MAR-2026,02-APR-2026,Rs.375 to Rs.395,EQ,POWERICA,,2026-09-04 03:09:57
Central Mine Planning & Design Institute Limited,cmpdi,24-MAR-2026,20-MAR-2026,   172,25-MAR-2026,30-MAR-2026,Rs.163 to Rs.172,EQ,CMPDI,,2026-09-04 03:09:57
GSP Crop Science Limited,gspcrop,18-MAR-2026,16-MAR-2026,   320,19-MAR-2026,24-MAR-2026,Rs.304 to Rs.320,EQ,GSPCROP,,2026-09-04 03:09:57
Rajputana Stainless Limited-Special Withdrawal Option,rsl,16-MAR-2026,12-MAR-2026,-,17-MAR-2026,-,Rs.116 to Rs.122,EQ,RSL,,2026-09-04 03:09:57
Raajmarg Infra Investment Trust,riit,13-MAR-2026,11-MAR-2026,   100,17-MAR-2026,24-MAR-2026,Rs.99 to Rs.100,IV,RIIT,,2026-09-04 03:09:57
Apsis Aerocom Limited,,13-MAR-2026,11-MAR-2026,110,,18-MAR-2026,Rs.104 to Rs.110,SME,APSISAERO,Apsis Aerocom Limited,2026-09-04 03:09:57
Innovision Limited,innovision,17-MAR-2026,10-MAR-2026,   519,18-MAR-2026,23-MAR-2026,Rs.494 to Rs.519,EQ,INNOVISION,,2026-09-04 03:09:57
Rajputana Stainless Limited,rsl,11-MAR-2026,09-MAR-2026,   122,17-MAR-2026,19-MAR-2026,Rs.116 to Rs.122,EQ,RSL,,2026-09-04 03:09:57
Srinibas Pradhan Constructions Limited,,10-MAR-2026,06-MAR-2026,98,,13-MAR-2026,Rs.91 to Rs.98,SME,SPCON,Srinibas Pradhan Constructions Limited,2026-09-04 03:09:57
Sedemac Mechatronics Limited,sedemac,06-MAR-2026,04-MAR-2026,  1352,07-MAR-2026,11-MAR-2026,Rs.1287 to Rs.1352,EQ,SEDEMAC,,2026-09-04 03:09:57
Acetech E-Commerce Limited,,04-MAR-2026,27-FEB-2026,112,,09-MAR-2026,Rs.106 to Rs.112,SME,ACETEC,Acetech E-Commerce Limited,2026-09-04 03:09:57
Striders Impex Limited,,02-MAR-2026,26-FEB-2026,72,,06-MAR-2026,Rs.71 to Rs.72,SME,STRIDERS,Striders Impex Limited,2026-09-04 03:09:57
Omnitech Engineering Limited,omni,27-FEB-2026,25-FEB-2026,   227,28-FEB-2026,05-MAR-2026,Rs.216 to Rs.227,EQ,OMNI,,2026-09-04 03:09:57
Nashik Municipal Corporation,nmc01,02-MAR-2026,25-FEB-2026,   125,03-MAR-2026,06-MAR-2026,Rs.1000,DEBT,NMC01,,2026-09-04 03:09:57
Yaap Digital Limited,,27-FEB-2026,25-FEB-2026,145,,05-MAR-2026,Rs.138 to Rs.145,SME,YAAP,Yaap Digital Limited,2026-09-04 03:09:57
PNGS Reva Diamond Jewellery Limited,pngsreva,26-FEB-2026,24-FEB-2026,   386,27-FEB-2026,04-MAR-2026,Rs.367 to Rs.386,EQ,PNGSREVA,,2026-09-04 03:09:57
Shree Ram Twistex Limited,srtl,25-FEB-2026,23-FEB-2026,   104,26-FEB-2026,02-MAR-2026,Rs.95 to Rs.104,BE,SRTL,,2026-09-04 03:09:57
Clean Max Enviro Energy Solutions Limited,cleanmax,25-FEB-2026,23-FEB-2026,  1053,26-FEB-2026,02-MAR-2026,Rs.1000 to Rs.1053,EQ,CLEANMAX,,2026-09-04 03:09:57
Mobilise App Lab Limited,,25-FEB-2026,23-FEB-2026,80,,02-MAR-2026,Rs.75 to Rs.80,SME,MOBILISE,Mobilise App Lab Limited,2026-09-04 03:09:57
Gaudium IVF and Women Health Limited,gaudiumivf,24-FEB-2026,20-FEB-2026,    79,25-FEB-2026,27-FEB-2026,Rs.75 to Rs.79,BE,GAUDIUMIVF,,2026-09-04 03:09:57
Manilam Industries India Limited,,24-FEB-2026,20-FEB-2026,69,,27-FEB-2026,Rs.65 to Rs.69,SME,MANILAM,Manilam Industries India Limited,2026-09-04 03:09:57
IIFL Finance Limited,iifltr1,04-MAR-2026,17-FEB-2026,######,05-MAR-2026,13-MAR-2026,Rs.1000,N0,860IIFL27,,2026-09-04 03:09:57
Marushika Technology Limited,,16-FEB-2026,12-FEB-2026,117,,19-FEB-2026,Rs.111 to Rs.117,SME,MARUSHIKA,Marushika Technology Limited,2026-09-04 03:09:57
Fractal Analytics Limited,fractal,11-FEB-2026,09-FEB-2026,   900,12-FEB-2026,16-FEB-2026,Rs.857 to Rs.900,EQ,FRACTAL,,2026-09-04 03:09:57
Aye Finance Limited,aye,11-FEB-2026,09-FEB-2026,   129,12-FEB-2026,16-FEB-2026,Rs.122 to Rs.129,EQ,AYE,,2026-09-04 03:09:57
Biopol Chemicals Limited,,10-FEB-2026,06-FEB-2026,108,,13-FEB-2026,Rs.102 to Rs.108,SME,BIOPOL,Biopol Chemicals Limited,2026-09-04 03:09:57
Brandman Retail Limited,,06-FEB-2026,04-FEB-2026,176,,11-FEB-2026,Rs.167 to Rs.176,SME,BRANDMAN,Brandman Retail Limited,2026-09-04 03:09:57
Grover Jewells Limited,,06-FEB-2026,04-FEB-2026,88,,11-FEB-2026,Rs.83 to Rs.88,SME,GJL,Grover Jewells Limited,2026-09-04 03:09:57
NFP Sampoorna Foods Limited-Issue Withdrawn,,06-FEB-2026,04-FEB-2026,-,,-,Rs.52 to Rs.55,SME,SAMPOORNA,NFP Sampoorna Foods Limited-Issue Withdrawn,2026-09-04 03:09:57
C K K Retail Mart Limited,,03-FEB-2026,30-JAN-2026,163,,06-FEB-2026,Rs.155 to Rs.163,SME,CKKRETAIL,C K K Retail Mart Limited,2026-09-04 03:09:57
KRM Ayurveda Limited,,23-JAN-2026,21-JAN-2026,135,,29-JAN-2026,Rs.128 to Rs.135,SME,KRMAYURVED,KRM Ayurveda Limited,2026-09-04 03:09:57
Shadowfax Technologies Limited,shadowfax,22-JAN-2026,20-JAN-2026,   124,23-JAN-2026,28-JAN-2026,Rs.118 to Rs.124,EQ,SHADOWFAX,,2026-09-04 03:09:57
Power Finance Corporation Limited,pfc2026,30-JAN-2026,16-JAN-2026,######,31-JAN-2026,28-AUG-2026,Rs.1000,DEBT,PFC2026,,2026-09-04 03:09:57
Power Finance Corporation Limited (Zero Coupon NCD),pfczcb1,30-JAN-2026,16-JAN-2026,-,31-JAN-2026,-,Rs.100000,DEBT,PFCZCB1,,2026-09-04 03:09:57
Armour Security (India). Ltd,,19-JAN-2026,14-JAN-2026,57,,22-JAN-2026,Rs.55 to Rs.57,SME,ARMOUR,Armour Security (India). Ltd,2026-09-04 03:09:57
Amagi Media Labs Limited,amagi,16-JAN-2026,13-JAN-2026,   361,17-JAN-2026,21-JAN-2026,Rs.343 to Rs.361,EQ,AMAGI,,2026-09-04 03:09:57
Avana Electrosystems Limited,,14-JAN-2026,12-JAN-2026,59,,20-JAN-2026,Rs.56 to Rs.59,SME,AVANA,Avana Electrosystems Limited,2026-09-04 03:09:57
Bharat Coking Coal Limited,bharatcoal,13-JAN-2026,09-JAN-2026,    23,14-JAN-2026,19-JAN-2026,Rs.21 to Rs.23,EQ,BHARATCOAL,,2026-09-04 03:09:57
Victory Electric Vehicles International Limited,,09-JAN-2026,07-JAN-2026,41,,14-JAN-2026,RS.41,SME,VICTORYEV,Victory Electric Vehicles International Limited,2026-09-04 03:09:57
Adani Enterprises Limited,aelncd3,08-JAN-2026,06-JAN-2026,   450,09-JAN-2026,10-FEB-2026,Rs.1000,EQ,ADANIENPP1,,2026-09-04 03:09:57
E TO E Transportation Infrastructure Limited,,30-DEC-2025,26-DEC-2025,174,,02-JAN-2026,RS.164 to RS.174,SME,E2ERAIL,E TO E Transportation Infrastructure Limited,2026-09-04 03:09:57
Dhara Rail Projects Limited,,26-DEC-2025,23-DEC-2025,126,,31-DEC-2025,RS.120 to RS.126,SME,DHARARAIL,Dhara Rail Projects Limited,2026-09-04 03:09:57
Gujarat Kidney and Super Speciality Limited,gksl,24-DEC-2025,22-DEC-2025,   114,25-DEC-2025,30-DEC-2025,Rs.108 to Rs.114,EQ,GKSL,,2026-09-04 03:09:57
EPW India Limited,,24-DEC-2025,22-DEC-2025,97,,30-DEC-2025,RS.95 to RS.97,SME,EPWINDIA,EPW India Limited,2026-09-04 03:09:57
Sundrex Oil Company Limited,,24-DEC-2025,22-DEC-2025,86,,30-DEC-2025,RS.81 to RS.86,SME,SOCL,Sundrex Oil Company Limited,2026-09-04 03:09:57
Shyam Dhani Industries Limited,,24-DEC-2025,22-DEC-2025,70,,30-DEC-2025,RS.65 to RS.70,SME,SHYAMDHANI,Shyam Dhani Industries Limited,2026-09-04 03:09:57
Marc Technocrats Limited,,19-DEC-2025,17-DEC-2025,93,,24-DEC-2025,RS.88 to RS.93,SME,MARC,Marc Technocrats Limited,2026-09-04 03:09:57
KSH International Limited,kshintl,18-DEC-2025,16-DEC-2025,   384,19-DEC-2025,23-DEC-2025,Rs.365 to Rs.384,EQ,KSHINTL,,2026-09-04 03:09:57
ICICI Prudential Asset Management Company Limited,iciciamc,16-DEC-2025,12-DEC-2025,  2165,17-DEC-2025,19-DEC-2025,Rs.2061 to Rs.2165,EQ,ICICIAMC,,2026-09-04 03:09:57
Exim Routes Limited,,16-DEC-2025,12-DEC-2025,88,,19-DEC-2025,RS.83 to RS.88,SME,EXIMROUTES,Exim Routes Limited,2026-09-04 03:09:57
Ashwini Container Movers Limited,,16-DEC-2025,12-DEC-2025,142,,19-DEC-2025,RS.135 to RS.142,SME,ASHWINI,Ashwini Container Movers Limited,2026-09-04 03:09:57
Nephrocare Health Services Limited,nephroplus,12-DEC-2025,10-DEC-2025,   460,13-DEC-2025,17-DEC-2025,Rs.438 to Rs.460,EQ,NEPHROPLUS,,2026-09-04 03:09:57
Park Medi World Limited,parkhosps,12-DEC-2025,10-DEC-2025,   162,13-DEC-2025,17-DEC-2025,Rs.154 to Rs.162,EQ,PARKHOSPS,,2026-09-04 03:09:57
Wakefit Innovations Limited,wakefit,10-DEC-2025,08-DEC-2025,   195,11-DEC-2025,15-DEC-2025,Rs.185 to Rs.195,EQ,WAKEFIT,,2026-09-04 03:09:57
Corona Remedies Limited,corona,10-DEC-2025,08-DEC-2025,  1062,11-DEC-2025,15-DEC-2025,Rs.1008 to Rs.1062,EQ,CORONA,,2026-09-04 03:09:57
Encompass Design India Limited,,09-DEC-2025,05-DEC-2025,107,,12-DEC-2025,RS.101 to RS.107,SME,ENCOMPAS,Encompass Design India Limited,2026-09-04 03:09:57
Flywings Simulator Training Centre Limited,,09-DEC-2025,05-DEC-2025,191,,12-DEC-2025,RS.181 to RS.191,SME,FWSTC,Flywings Simulator Training Centre Limited,2026-09-04 03:09:57
Vidya Wires Limited,vidyawires,05-DEC-2025,03-DEC-2025,    52,06-DEC-2025,10-DEC-2025,Rs.48 to Rs.52,EQ,VIDYAWIRES,,2026-09-04 03:09:57
Aequs Limited,aequs,05-DEC-2025,03-DEC-2025,   124,06-DEC-2025,10-DEC-2025,Rs.118 to Rs.124,EQ,AEQUS,,2026-09-04 03:09:57
Meesho Limited,meesho,05-DEC-2025,03-DEC-2025,   111,06-DEC-2025,10-DEC-2025,Rs.105 to Rs.111,EQ,MEESHO,,2026-09-04 03:09:57
Shri Kanha Stainless Limited,,05-DEC-2025,03-DEC-2025,90,,10-DEC-2025,RS.90,SME,SHRIKANHA,Shri Kanha Stainless Limited,2026-09-04 03:09:57
Neochem Bio Solutions Limited,,04-DEC-2025,02-DEC-2025,98,,09-DEC-2025,RS.93 to RS.98,SME,NEOCHEM,Neochem Bio Solutions Limited,2026-09-04 03:09:57
Clear Secured Services Limited,,03-DEC-2025,01-DEC-2025,132,,08-DEC-2025,RS.125 to RS.132,SME,CSSL,Clear Secured Services Limited,2026-09-04 03:09:57
Speb Adhesives Limited,,03-DEC-2025,01-DEC-2025,56,,08-DEC-2025,RS.52 to RS.56,SME,SPEB,Speb Adhesives Limited,2026-09-04 03:09:57
Invicta Diagnostic Limited,,03-DEC-2025,01-DEC-2025,85,,08-DEC-2025,RS.80 to RS.85,SME,INVICTA,Invicta Diagnostic Limited,2026-09-04 03:09:57
Sudeep Pharma Limited,sudeepphrm,25-NOV-2025,21-NOV-2025,   593,26-NOV-2025,28-NOV-2025,Rs.563 to Rs.593,EQ,SUDEEPPHRM,,2026-09-04 03:09:57
Excelsoft Technologies Limited,excelsoft,21-NOV-2025,19-NOV-2025,   120,22-NOV-2025,26-NOV-2025,Rs.114 to Rs.120,EQ,EXCELSOFT,,2026-09-04 03:09:57
Capillary Technologies India Limited,capillary,18-NOV-2025,14-NOV-2025,   577,19-NOV-2025,21-NOV-2025,Rs.549 to Rs.577,EQ,CAPILLARY,,2026-09-04 03:09:57
Fujiyama Power Systems Limited,utlsolar,17-NOV-2025,13-NOV-2025,   228,18-NOV-2025,20-NOV-2025,Rs.216 to Rs.228,EQ,UTLSOLAR,,2026-09-04 03:09:57
Tenneco Clean Air India Limited,tennind,14-NOV-2025,12-NOV-2025,   397,15-NOV-2025,19-NOV-2025,Rs.378 to Rs.397,EQ,TENNIND,,2026-09-04 03:09:57
Physicswallah Limited,physics,13-NOV-2025,11-NOV-2025,   109,14-NOV-2025,18-NOV-2025,Rs.103 to Rs.109,EQ,PWL,,2026-09-04 03:09:57
Emmvee Photovoltaic Power Limited,emmvee,13-NOV-2025,11-NOV-2025,   217,14-NOV-2025,18-NOV-2025,Rs.206 to Rs.217,EQ,EMMVEE,,2026-09-04 03:09:57
Pine Labs Limited,pinelabs,11-NOV-2025,07-NOV-2025,   221,12-NOV-2025,14-NOV-2025,Rs.210 to Rs.221,EQ,PINELABS,,2026-09-04 03:09:57
Curis Lifesciences Limited,,11-NOV-2025,07-NOV-2025,128,,14-NOV-2025,RS.120 to RS.128,SME,CURIS,Curis Lifesciences Limited,2026-09-04 03:09:57
Finbud Financial Services Limited,,10-NOV-2025,06-NOV-2025,142,,13-NOV-2025,RS.140 to RS.142,SME,FINBUD,Finbud Financial Services Limited,2026-09-04 03:09:57
Billionbrains Garage Ventures Limited,groww,07-NOV-2025,04-NOV-2025,   100,08-NOV-2025,12-NOV-2025,Rs.95 to Rs.100,EQ,GROWW,,2026-09-04 03:09:57
Shreeji Global FMCG Limited,,07-NOV-2025,04-NOV-2025,125,,12-NOV-2025,RS.120 to RS.125,SME,SHETHJI,Shreeji Global FMCG Limited,2026-09-04 03:09:57
Lenskart Solutions Limited,lenskart,04-NOV-2025,31-OCT-2025,   402,05-NOV-2025,10-NOV-2025,Rs.382 to Rs.402,EQ,LENSKART,,2026-09-04 03:09:57
Studds Accessories Limited,studds,03-NOV-2025,30-OCT-2025,   585,04-NOV-2025,07-NOV-2025,Rs.557 to Rs.585,EQ,STUDDS,,2026-09-04 03:09:57
Orkla India Limited,orklaindia,31-OCT-2025,29-OCT-2025,   730,01-NOV-2025,06-NOV-2025,Rs.695 to Rs.730,EQ,ORKLAINDIA,,2026-09-04 03:09:57
Jayesh Logistics Limited,,29-OCT-2025,27-OCT-2025,122,,03-NOV-2025,RS.116 to RS.122,SME,JAYESH,Jayesh Logistics Limited,2026-09-04 03:09:57
SMC Global Securities Limited,smcg03,24-OCT-2025,16-OCT-2025,-,28-OCT-2025,-,Rs.1000,DEBT,SMCG03,,2026-09-04 03:09:57
Midwest Limited,midwestltd,17-OCT-2025,15-OCT-2025,  1065,18-OCT-2025,24-OCT-2025,Rs.1014 to Rs.1065,EQ,MIDWESTLTD,,2026-09-04 03:09:57
Canara HSBC Life Insurance Company Limited,canhlife,14-OCT-2025,10-OCT-2025,######,15-OCT-2025,17-MAR-2026,Rs.100 to Rs.106,N0,815CHLI36,,2026-09-04 03:09:57
Rubicon Research Limited,rubicon,13-OCT-2025,09-OCT-2025,   485,14-OCT-2025,16-OCT-2025,Rs.461 to Rs.485,EQ,RUBICON,,2026-09-04 03:09:57
Canara Robeco Asset Management Company Limited,cramc,13-OCT-2025,09-OCT-2025,   266,14-OCT-2025,16-OCT-2025,Rs.253 to Rs.266,EQ,CRAMC,,2026-09-04 03:09:57
LG Electronics India Limited,lgeindia,09-OCT-2025,07-OCT-2025,  1140,10-OCT-2025,14-OCT-2025,Rs.1080 to Rs.1140,EQ,LGEINDIA,,2026-09-04 03:09:57
Anantam Highways Trust,anantam,09-OCT-2025,07-OCT-2025,   100,10-OCT-2025,16-OCT-2025,Rs.98 to Rs.100,IV,ANANTAM,,2026-09-04 03:09:57
Tata Capital Limited,tatacap,08-OCT-2025,06-OCT-2025,######,09-OCT-2025,09-JUL-2026,Rs.310 to Rs.326,N0,788TACA31,,2026-09-04 03:09:57
Surat Municipal Corporation,smc01,09-OCT-2025,06-OCT-2025,   500,10-OCT-2025,14-OCT-2025,Rs.1000,DEBT,SMC01,,2026-09-04 03:09:57
WeWork India Management Limited,wework,07-OCT-2025,03-OCT-2025,   648,08-OCT-2025,10-OCT-2025,Rs.615 to Rs.648,EQ,WEWORK,,2026-09-04 03:09:57
Advance Agrolife Limited,advance,03-OCT-2025,30-SEP-2025,   100,04-OCT-2025,08-OCT-2025,Rs.95 to Rs.100,BE,ADVANCE,,2026-09-04 03:09:57
Munish Forge Limited,,03-OCT-2025,30-SEP-2025,96,,08-OCT-2025,RS.91 to RS.96,SME,MUNISH,Munish Forge Limited,2026-09-04 03:09:57
B.A.G. Convergence Limited,,03-OCT-2025,30-SEP-2025,87,,08-OCT-2025,RS.82 to RS.87,SME,BAGDIGITAL,B.A.G. Convergence Limited,2026-09-04 03:09:57
Sheel Biotech Limited,,03-OCT-2025,30-SEP-2025,63,,08-OCT-2025,RS.59 to RS.63,SME,SHEEL,Sheel Biotech Limited,2026-09-04 03:09:57
Greenleaf Envirotech Limited,,06-OCT-2025,30-SEP-2025,136,,09-OCT-2025,RS.136,SME,GREENLEAF,Greenleaf Envirotech Limited,2026-09-04 03:09:57
Om Freight Forwarders Limited,omfreight,03-OCT-2025,29-SEP-2025,   135,04-OCT-2025,08-OCT-2025,Rs.128 to Rs.135,BE,OMFREIGHT,,2026-09-04 03:09:57
Fabtech Technologies Limited,fabtech,01-OCT-2025,29-SEP-2025,   191,02-OCT-2025,07-OCT-2025,Rs.181 to Rs.191,BE,FABTECH,,2026-09-04 03:09:57
Glottis Limited,glottis,01-OCT-2025,29-SEP-2025,   129,02-OCT-2025,07-OCT-2025,Rs.120 to Rs.129,EQ,GLOTTIS,,2026-09-04 03:09:57
Vijaypd Ceutical Limited,,01-OCT-2025,29-SEP-2025,35,,07-OCT-2025,RS.35,SME,VIJAYPD,Vijaypd Ceutical Limited,2026-09-04 03:09:57
Suba Hotels Limited,,01-OCT-2025,29-SEP-2025,111,,07-OCT-2025,RS.105 to RS.111,SME,SUBAHOTELS,Suba Hotels Limited,2026-09-04 03:09:57
Pace Digitek Limited,pacedigitk,30-SEP-2025,26-SEP-2025,   219,01-OCT-2025,06-OCT-2025,Rs.208 to Rs.219,EQ,PACEDIGITK,,2026-09-04 03:09:57
Manas Polymers and Energies Limited,,30-SEP-2025,26-SEP-2025,81,,06-OCT-2025,RS.76 to RS.81,SME,MPEL,Manas Polymers and Energies Limited,2026-09-04 03:09:57
TruAlt Bioenergy Limited,trualt,29-SEP-2025,25-SEP-2025,   496,30-SEP-2025,03-OCT-2025,Rs.472 to Rs.496,EQ,TRUALT,,2026-09-04 03:09:57
Jinkushal Industries Limited,jkipl,29-SEP-2025,25-SEP-2025,   121,30-SEP-2025,03-OCT-2025,Rs.115 to Rs.121,BE,JKIPL,,2026-09-04 03:09:57
Jain Resource Recycling Limited,jainrec,26-SEP-2025,24-SEP-2025,   232,27-SEP-2025,01-OCT-2025,Rs.220 to Rs.232,EQ,JAINREC,,2026-09-04 03:09:57
Epack Prefab Technologies Limited,epackpeb,26-SEP-2025,24-SEP-2025,   204,27-SEP-2025,01-OCT-2025,Rs.194 to Rs.204,EQ,EPACKPEB,,2026-09-04 03:09:57
BMW Ventures Limited,bmwventltd,26-SEP-2025,24-SEP-2025,    99,27-SEP-2025,01-OCT-2025,Rs.94 to Rs.99,BE,BMWVENTLTD,,2026-09-04 03:09:57
Gurunanak Agriculture India Limited,,26-SEP-2025,24-SEP-2025,75,,01-OCT-2025,RS.75,SME,GURUNANAK,Gurunanak Agriculture India Limited,2026-09-04 03:09:57
Seshaasai Technologies Limited,styl,25-SEP-2025,23-SEP-2025,   423,26-SEP-2025,30-SEP-2025,Rs.402 to Rs.423,EQ,STYL,,2026-09-04 03:09:57
Solarworld Energy Solutions Limited,solarworld,25-SEP-2025,23-SEP-2025,   351,26-SEP-2025,30-SEP-2025,Rs.333 to Rs.351,EQ,SOLARWORLD,,2026-09-04 03:09:57
Jaro Institute of Technology Management and Research Limited,jaro,25-SEP-2025,23-SEP-2025,   890,26-SEP-2025,30-SEP-2025,Rs.846 to Rs.890,EQ,JARO,,2026-09-04 03:09:57
Anand Rathi Share and Stock Brokers Limited,arssbl,25-SEP-2025,23-SEP-2025,   414,26-SEP-2025,30-SEP-2025,Rs.393 to Rs.414,EQ,ARSSBL,,2026-09-04 03:09:57
Ecoline Exim Limited,,25-SEP-2025,23-SEP-2025,141,,30-SEP-2025,RS.134 to RS.141,SME,ECOLINE,Ecoline Exim Limited,2026-09-04 03:09:57
Matrix Geo Solutions Limited,,25-SEP-2025,23-SEP-2025,104,,30-SEP-2025,RS.98 to RS.104,SME,MGSL,Matrix Geo Solutions Limited,2026-09-04 03:09:57
Ganesh Consumer Products Limited,ganeshcp,24-SEP-2025,22-SEP-2025,   322,25-SEP-2025,29-SEP-2025,Rs.306 to Rs.322,EQ,GANESHCP,,2026-09-04 03:09:57
Atlanta Electricals Limited,atlantaele,24-SEP-2025,22-SEP-2025,   754,25-SEP-2025,29-SEP-2025,Rs.718 to Rs.754,EQ,ATLANTAELE,,2026-09-04 03:09:57
Prime Cable Industries Limited,,24-SEP-2025,22-SEP-2025,83,,29-SEP-2025,RS.78 to RS.83,SME,PRIMECAB,Prime Cable Industries Limited,2026-09-04 03:09:57
GK Energy Limited,gkenergy,23-SEP-2025,19-SEP-2025,   153,24-SEP-2025,26-SEP-2025,Rs.145 to Rs.153,EQ,GKENERGY,,2026-09-04 03:09:57
Saatvik Green Energy Limited,saatvik,23-SEP-2025,19-SEP-2025,   465,24-SEP-2025,26-SEP-2025,Rs.442 to Rs.465,EQ,SAATVIK,,2026-09-04 03:09:57
Siddhi Cotspin Limited,,23-SEP-2025,19-SEP-2025,108,,26-SEP-2025,RS.102 to RS.108,SME,SIDDHICOTS,Siddhi Cotspin Limited,2026-09-04 03:09:57
Ivalue Infosolutions Limited,ivalue,22-SEP-2025,18-SEP-2025,   299,23-SEP-2025,25-SEP-2025,Rs.284 to Rs.299,EQ,IVALUE,,2026-09-04 03:09:57
VMS TMT Limited,vmstmt,19-SEP-2025,17-SEP-2025,    99,20-SEP-2025,24-SEP-2025,Rs.94 to Rs.99,BE,VMSTMT,,2026-09-04 03:09:57
Euro Pratik Sales Limited,europratik,18-SEP-2025,16-SEP-2025,   247,19-SEP-2025,23-SEP-2025,Rs.235 to Rs.247,EQ,EUROPRATIK,,2026-09-04 03:09:57
TechD Cybersecurity Limited,,17-SEP-2025,15-SEP-2025,193,,22-SEP-2025,RS.183 to RS.193,SME,TECHD,TechD Cybersecurity Limited,2026-09-04 03:09:57
Urban Company Limited,urbanco,12-SEP-2025,10-SEP-2025,   103,13-SEP-2025,17-SEP-2025,Rs.98 to Rs.103,EQ,URBANCO,,2026-09-04 03:09:57
Shringar House of Mangalsutra Limited,shringarms,12-SEP-2025,10-SEP-2025,   165,13-SEP-2025,17-SEP-2025,Rs.155 to Rs.165,EQ,SHRINGARMS,,2026-09-04 03:09:57
Dev Accelerator Limited,devx,12-SEP-2025,10-SEP-2025,    61,13-SEP-2025,17-SEP-2025,Rs.56 to Rs.61,BE,DEVX,,2026-09-04 03:09:57
Galaxy Medicare Limited,,12-SEP-2025,10-SEP-2025,54,,17-SEP-2025,RS.51 to RS.54,SME,GML,Galaxy Medicare Limited,2026-09-04 03:09:57
Taurian MPS Limited,,11-SEP-2025,09-SEP-2025,171,,16-SEP-2025,RS.162 to RS.171,SME,TAURIAN,Taurian MPS Limited,2026-09-04 03:09:57
Vigor Plast India Limited,,09-SEP-2025,04-SEP-2025,81,,12-SEP-2025,RS.77 to RS.81,SME,VIGOR,Vigor Plast India Limited,2026-09-04 03:09:57
Optivalue Tek Consulting Limited,,04-SEP-2025,02-SEP-2025,84,,10-SEP-2025,RS.80 to RS.84,SME,OPTIVALUE,Optivalue Tek Consulting Limited,2026-09-04 03:09:57
Amanta Healthcare Limited,amanta,03-SEP-2025,01-SEP-2025,   126,05-SEP-2025,09-SEP-2025,Rs.120 to Rs.126,BE,AMANTA,,2026-09-04 03:09:57
Snehaa Organics Limited,,02-SEP-2025,29-AUG-2025,122,,05-SEP-2025,RS.115 to RS.122,SME,SNEHAA,Snehaa Organics Limited,2026-09-04 03:09:57
Anlon Healthcare Limited,ahcl,29-AUG-2025,26-AUG-2025,    91,30-AUG-2025,03-SEP-2025,Rs.86 to Rs.91,BE,AHCL,,2026-09-04 03:09:57
Vikran Engineering Limited,vikran,29-AUG-2025,26-AUG-2025,    97,30-AUG-2025,03-SEP-2025,Rs.92 to Rs.97,EQ,VIKRAN,,2026-09-04 03:09:57
Current Infraprojects Limited,,29-AUG-2025,26-AUG-2025,80,,03-SEP-2025,RS.76 to RS.80,SME,CURRENT,Current Infraprojects Limited,2026-09-04 03:09:57
Sattva Engineering Construction Limited,,29-AUG-2025,26-AUG-2025,75,,03-SEP-2025,RS.70 to RS.75,SME,SATTVAENGG,Sattva Engineering Construction Limited,2026-09-04 03:09:57
Anondita Medicare Limited,,26-AUG-2025,22-AUG-2025,145,,01-SEP-2025,RS.137 to RS.145,SME,ANONDITA,Anondita Medicare Limited,2026-09-04 03:09:57
Shivashrit Foods Limited,,26-AUG-2025,22-AUG-2025,142,,01-SEP-2025,RS.135 to RS.142,SME,SHIVASHRIT,Shivashrit Foods Limited,2026-09-04 03:09:57
Classic Electrodes (India) Limited,,26-AUG-2025,22-AUG-2025,87,,01-SEP-2025,RS.82 to RS.87,SME,CLASSICEIL,Classic Electrodes (India) Limited,2026-09-04 03:09:57
ARC Insulation & Insulators Limited,,25-AUG-2025,21-AUG-2025,125,,29-AUG-2025,RS.119 to RS.125,SME,ARCIIL,ARC Insulation & Insulators Limited,2026-09-04 03:09:57
Mangal Electrical Industries Limited,meil,22-AUG-2025,20-AUG-2025,   561,23-AUG-2025,28-AUG-2025,Rs.533 to Rs.561,EQ,MEIL,,2026-09-04 03:09:57
Gem Aromatics Limited,gemaroma,21-AUG-2025,19-AUG-2025,   325,22-AUG-2025,26-AUG-2025,Rs.309 to Rs.325,EQ,GEMAROMA,,2026-09-04 03:09:57
Shreeji Shipping Global Limited,shreejispg,21-AUG-2025,19-AUG-2025,   252,22-AUG-2025,26-AUG-2025,Rs.240 to Rs.252,EQ,SHREEJISPG,,2026-09-04 03:09:57
Vikram Solar Limited,vikramsolr,21-AUG-2025,19-AUG-2025,   332,22-AUG-2025,26-AUG-2025,Rs.315 to Rs.332,EQ,VIKRAMSOLR,,2026-09-04 03:09:57
Patel Retail Limited,patelrmart,21-AUG-2025,19-AUG-2025,   255,22-AUG-2025,26-AUG-2025,Rs.237 to Rs.255,BE,PATELRMART,,2026-09-04 03:09:57
Studio LSD Limited,,20-AUG-2025,18-AUG-2025,54,,25-AUG-2025,RS.51 to RS.54,SME,STUDIOLSD,Studio LSD Limited,2026-09-04 03:09:57
Regaal Resources Limited,regaal,14-AUG-2025,12-AUG-2025,   102,15-AUG-2025,20-AUG-2025,Rs.96 to Rs.102,EQ,REGAAL,,2026-09-04 03:09:57
Mahendra Realtors & Infrastructure Limited,,14-AUG-2025,12-AUG-2025,85,,20-AUG-2025,RS.75 to RS.85,SME,MRIL,Mahendra Realtors & Infrastructure Limited,2026-09-04 03:09:57
BlueStone Jewellery and Lifestyle Limited,bluestone,13-AUG-2025,11-AUG-2025,   517,14-AUG-2025,19-AUG-2025,Rs.492 to Rs.517,EQ,BLUESTONE,,2026-09-04 03:09:57
ANB Metal Cast Limited,,12-AUG-2025,08-AUG-2025,156,,18-AUG-2025,RS.148 to RS.156,SME,AMCL,ANB Metal Cast Limited,2026-09-04 03:09:57
Medistep Healthcare Limited,,12-AUG-2025,08-AUG-2025,43,,18-AUG-2025,RS.43,SME,MEDISTEP,Medistep Healthcare Limited,2026-09-04 03:09:57
All Time Plastics Limited,alltime,11-AUG-2025,07-AUG-2025,   275,12-AUG-2025,14-AUG-2025,Rs.260 to Rs.275,EQ,ALLTIME,,2026-09-04 03:09:57
JSW Cement Limited,jswcement,11-AUG-2025,07-AUG-2025,   147,12-AUG-2025,14-AUG-2025,Rs.139 to Rs.147,EQ,JSWCEMENT,,2026-09-04 03:09:57
Connplex Cinemas Limited,,11-AUG-2025,07-AUG-2025,177,,14-AUG-2025,RS.168 to RS.177,SME,CONNPLEX,Connplex Cinemas Limited,2026-09-04 03:09:57
Sawaliya Food Products Limited,,11-AUG-2025,07-AUG-2025,120,,14-AUG-2025,RS.114 to RS.120,SME,SAWALIYA,Sawaliya Food Products Limited,2026-09-04 03:09:57
Highway Infrastructure Limited,hilinfra,07-AUG-2025,05-AUG-2025,    70,08-AUG-2025,12-AUG-2025,Rs.65 to Rs.70,BE,HILINFRA,,2026-09-04 03:09:57
Knowledge Realty Trust,krt,07-AUG-2025,05-AUG-2025,   100,08-AUG-2025,18-AUG-2025,Rs.95 to Rs.100,RR,KRT,,2026-09-04 03:09:57
Bhadora Industries Limited,,06-AUG-2025,04-AUG-2025,103,,11-AUG-2025,RS.97 to RS.103,SME,BHADORA,Bhadora Industries Limited,2026-09-04 03:09:57
Aaradhya Disposal Industries Limited,,06-AUG-2025,04-AUG-2025,116,,11-AUG-2025,RS.110 to RS.116,SME,AARADHYA,Aaradhya Disposal Industries Limited,2026-09-04 03:09:57
Parth Electricals & Engineering Limited,,06-AUG-2025,04-AUG-2025,170,,11-AUG-2025,RS.160 to RS.170,SME,PARTH,Parth Electricals & Engineering Limited,2026-09-04 03:09:57
Jyoti Global Plast Limited,,06-AUG-2025,04-AUG-2025,66,,11-AUG-2025,RS.62 to RS.66,SME,JYOTIGLOBL,Jyoti Global Plast Limited,2026-09-04 03:09:57
FlySBS Aviation Limited,,05-AUG-2025,01-AUG-2025,225,,08-AUG-2025,RS.210 to RS.225,SME,FLYSBS,FlySBS Aviation Limited,2026-09-04 03:09:57
Renol Polychem Limited,,04-AUG-2025,31-JUL-2025,105,,07-AUG-2025,RS.100 to RS.105,SME,RNPL,Renol Polychem Limited,2026-09-04 03:09:57
Cash Ur Drive Marketing Limited,,04-AUG-2025,31-JUL-2025,130,,07-AUG-2025,RS.123 to RS.130,SME,CUDML,Cash Ur Drive Marketing Limited,2026-09-04 03:09:57
Sri Lotus Developers and Realty Limited,lotusdev,01-AUG-2025,30-JUL-2025,   150,02-AUG-2025,06-AUG-2025,Rs.140 to Rs.150,EQ,LOTUSDEV,,2026-09-04 03:09:57
M&B Engineering Limited,mbel,01-AUG-2025,30-JUL-2025,   385,02-AUG-2025,06-AUG-2025,Rs.366 to Rs.385,EQ,MBEL,,2026-09-04 03:09:57
National Securities Depository Limited,nsdl,01-AUG-2025,30-JUL-2025,-,02-AUG-2025,-,Rs.760 to Rs.800,EQ,NSDL,,2026-09-04 03:09:57
Laxmi India Finance Limited,laxmiindia,31-JUL-2025,29-JUL-2025,   158,01-AUG-2025,05-AUG-2025,Rs.150 to Rs.158,EQ,LAXMIINDIA,,2026-09-04 03:09:57
Aditya Infotech Limited,cpplus,31-JUL-2025,29-JUL-2025,   675,01-AUG-2025,05-AUG-2025,Rs.640 to Rs.675,EQ,CPPLUS,,2026-09-04 03:09:57
Kaytex Fabrics Limited,,31-JUL-2025,29-JUL-2025,180,,05-AUG-2025,RS.171 to RS.180,SME,KAYTEX,Kaytex Fabrics Limited,2026-09-04 03:09:57
Shanti Gold International Limited,shantigold,29-JUL-2025,25-JUL-2025,   199,30-JUL-2025,01-AUG-2025,Rs.189 to Rs.199,EQ,SHANTIGOLD,,2026-09-04 03:09:57
Sellowrap Industries Limited,,29-JUL-2025,25-JUL-2025,83,,01-AUG-2025,RS.79 to RS.83,SME,SELLOWRAP,Sellowrap Industries Limited,2026-09-04 03:09:57
Brigade Hotel Ventures Limited,brighotel,28-JUL-2025,24-JUL-2025,    90,29-JUL-2025,31-JUL-2025,Rs.85 to Rs.90,EQ,BRIGHOTEL,,2026-09-04 03:09:57
GNG Electronics Limited,ebgng,25-JUL-2025,23-JUL-2025,   237,26-JUL-2025,30-JUL-2025,Rs.225 to Rs.237,EQ,EBGNG,,2026-09-04 03:09:57
Indiqube Spaces Limited,indiqube,25-JUL-2025,23-JUL-2025,   237,26-JUL-2025,30-JUL-2025,Rs.225 to Rs.237,EQ,INDIQUBE,,2026-09-04 03:09:57
TSC India Limited,,25-JUL-2025,23-JUL-2025,70,,30-JUL-2025,RS.68 to RS.70,SME,TSC,TSC India Limited,2026-09-04 03:09:57
Savy Infra and Logistics Limited,,23-JUL-2025,21-JUL-2025,120,,28-JUL-2025,RS.114 to RS.120,SME,SAVY,Savy Infra and Logistics Limited,2026-09-04 03:09:57
Sammaan Capital Limited,scl004,28-JUL-2025,15-JUL-2025,######,29-JUL-2025,09-MAR-2026,Rs.1000,DEBT,SCL004,,2026-09-04 03:09:57
Anthem Biosciences Limited,anthem,16-JUL-2025,14-JUL-2025,   570,17-JUL-2025,21-JUL-2025,Rs.540 to Rs.570,EQ,ANTHEM,,2026-09-04 03:09:57
Spunweb Nonwoven Limited,,16-JUL-2025,14-JUL-2025,96,,21-JUL-2025,RS.90 to RS.96,SME,SPUNWEB,Spunweb Nonwoven Limited,2026-09-04 03:09:57
Smartworks Coworking Spaces Limited,smartworks,14-JUL-2025,10-JUL-2025,   407,15-JUL-2025,17-JUL-2025,Rs.387 to Rs.407,EQ,SMARTWORKS,,2026-09-04 03:09:57
Adani Enterprises Limited,aelncd2,11-JUL-2025,09-JUL-2025,   450,12-JUL-2025,10-FEB-2026,Rs.1000,EQ,ADANIENPP1,,2026-09-04 03:09:57
Travel Food Services Limited,travelfood,09-JUL-2025,07-JUL-2025,  1100,10-JUL-2025,14-JUL-2025,Rs.1045 to Rs.1100,EQ,TRAVELFOOD,,2026-09-04 03:09:57
Smarten Power Systems Limited,,09-JUL-2025,07-JUL-2025,100,,14-JUL-2025,RS.100,SME,SMARTEN,Smarten Power Systems Limited,2026-09-04 03:09:57
Happy Square Outsourcing Services Limited,,07-JUL-2025,03-JUL-2025,76,,10-JUL-2025,RS.72 to RS.76,SME,WHITEFORCE,Happy Square Outsourcing Services Limited,2026-09-04 03:09:57
CRIZAC LIMITED,crizac,04-JUL-2025,02-JUL-2025,   245,05-JUL-2025,09-JUL-2025,Rs.233 to Rs.245,EQ,CRIZAC,,2026-09-04 03:09:57
Pushpa Jewellers Limited,,02-JUL-2025,30-JUN-2025,147,,07-JUL-2025,Rs.143 to RS.147,SME,PUSHPA,Pushpa Jewellers Limited,2026-09-04 03:09:57
Silky Overseas Limited,,02-JUL-2025,30-JUN-2025,161,,07-JUL-2025,Rs.153 to RS.161,SME,SILKY,Silky Overseas Limited,2026-09-04 03:09:57
Cedaar Textile Limited,,02-JUL-2025,30-JUN-2025,140,,07-JUL-2025,Rs.130 to RS.140,SME,CEDAAR,Cedaar Textile Limited,2026-09-04 03:09:57
Indogulf Cropsciences Limited,igcl,30-JUN-2025,26-JUN-2025,   111,01-JUL-2025,03-JUL-2025,Rs.105 to Rs.111,BE,IGCL,,2026-09-04 03:09:57
Moving Media Entertainment Limited,,30-JUN-2025,26-JUN-2025,70,,03-JUL-2025,Rs.66 to RS.70,SME,MMEL,Moving Media Entertainment Limited,2026-09-04 03:09:57
PRO FX Tech Limited,,30-JUN-2025,26-JUN-2025,87,,03-JUL-2025,Rs.82 to RS.87,SME,PROFX,PRO FX Tech Limited,2026-09-04 03:09:57
Sambhv Steel Tubes Limited,sambhv,27-JUN-2025,25-JUN-2025,    82,29-JUN-2025,02-JUL-2025,Rs.77 to Rs.82,EQ,SAMBHV,,2026-09-04 03:09:57
HDB Financial Services Limited,hdbfs,27-JUN-2025,25-JUN-2025,   740,29-JUN-2025,02-JUL-2025,Rs.700 to Rs.740,EQ,HDBFS,,2026-09-04 03:09:57
Suntech Infra Solutions Limited,,27-JUN-2025,25-JUN-2025,86,,02-JUL-2025,Rs.81 to RS. 86,SME,SUNTECH,Suntech Infra Solutions Limited,2026-09-04 03:09:57
Rama Telecom Limited,,27-JUN-2025,25-JUN-2025,68,,02-JUL-2025,Rs.65 to RS.68,SME,RTL,Rama Telecom Limited,2026-09-04 03:09:57
Ellenbarrie Industrial Gases Limited,ellen,26-JUN-2025,24-JUN-2025,   400,28-JUN-2025,01-JUL-2025,Rs.380 to Rs.400,EQ,ELLEN,,2026-09-04 03:09:57
Globe Civil Projects Limited,globecivil,26-JUN-2025,24-JUN-2025,    71,28-JUN-2025,01-JUL-2025,Rs.67 to Rs.71,BE,GLOBECIVIL,,2026-09-04 03:09:57
Kalpataru Limited,kalpataru,26-JUN-2025,24-JUN-2025,   414,27-JUN-2025,01-JUL-2025,Rs.387 to Rs.414,EQ,KALPATARU,,2026-09-04 03:09:57
Shri Hare-Krishna Sponge Iron Limited,,26-JUN-2025,24-JUN-2025,59,,01-JUL-2025,Rs.56 to RS. 59,SME,SHKSIL,Shri Hare-Krishna Sponge Iron Limited,2026-09-04 03:09:57
Safe Enterprises Retail Fixtures Limited,,24-JUN-2025,20-JUN-2025,138,,27-JUN-2025,Rs.131 to RS. 138,SME,SAFEENTP,Safe Enterprises Retail Fixtures Limited,2026-09-04 03:09:57
Aakaar Medical Technologies Limited,,24-JUN-2025,20-JUN-2025,72,,27-JUN-2025,Rs.68 to RS. 72,SME,AAKAAR,Aakaar Medical Technologies Limited,2026-09-04 03:09:57
Mayasheel Ventures Limited,,24-JUN-2025,20-JUN-2025,47,,27-JUN-2025,Rs.44 to RS. 47,SME,MAYASHEEL,Mayasheel Ventures Limited,2026-09-04 03:09:57
Arisinfra Solutions Limited,arisinfra,20-JUN-2025,18-JUN-2025,   222,21-JUN-2025,25-JUN-2025,Rs.210 to Rs.222,EQ,ARISINFRA,,2026-09-04 03:09:57
Influx Healthtech Limited,,20-JUN-2025,18-JUN-2025,96,,25-JUN-2025,Rs.91 to RS. 96,SME,INFLUX,Influx Healthtech Limited,2026-09-04 03:09:57
Eppeltone Engineers Limited,,19-JUN-2025,17-JUN-2025,128,,24-JUN-2025,Rs.125 to RS. 128,SME,EEPL,Eppeltone Engineers Limited,2026-09-04 03:09:57
Patil Automation Limited,,18-JUN-2025,16-JUN-2025,120,,23-JUN-2025,Rs.114 to RS. 120,SME,PATILAUTOM,Patil Automation Limited,2026-09-04 03:09:57
Samay Project Services Limited,,18-JUN-2025,16-JUN-2025,34,,23-JUN-2025,Rs.32 to RS. 34,SME,SAMAY,Samay Project Services Limited,2026-09-04 03:09:57
Oswal Pumps Limited,oswalpumps,17-JUN-2025,13-JUN-2025,   614,18-JUN-2025,20-JUN-2025,Rs.584 to Rs.614,EQ,OSWALPUMPS,,2026-09-04 03:09:57
Monolithisch India Limited,,16-JUN-2025,12-JUN-2025,143,,19-JUN-2025,Rs.135 to RS. 143,SME,MONOLITH,Monolithisch India Limited,2026-09-04 03:09:57
Jainik Power Cables Limited,,12-JUN-2025,10-JUN-2025,110,,17-JUN-2025,Rs.100 to RS. 110,SME,JAINIK,Jainik Power Cables Limited,2026-09-04 03:09:57
Sacheerome Limited,,11-JUN-2025,09-JUN-2025,102,,16-JUN-2025,Rs.96 to RS. 102,SME,SACHEEROME,Sacheerome Limited,2026-09-04 03:09:57
Ganga Bath Fittings Limited,,06-JUN-2025,04-JUN-2025,49,,11-JUN-2025,Rs.46 to RS. 49,SME,GANGABATH,Ganga Bath Fittings Limited,2026-09-04 03:09:57
Scoda Tubes Limited,scodatubes,30-MAY-2025,28-MAY-2025,   140,01-JUN-2025,04-JUN-2025,Rs.130 Rs.140,BE,SCODATUBES,,2026-09-04 03:09:57
N R Vandana Tex Industries Limited,,30-MAY-2025,28-MAY-2025,45,,04-JUN-2025,Rs.42 to Rs.45,SME,NRVANDANA,N R Vandana Tex Industries Limited,2026-09-04 03:09:57
Neptune Petrochemicals Limited,,30-MAY-2025,28-MAY-2025,122,,04-JUN-2025,Rs.115 to RS. 122,SME,NEPTUNE,Neptune Petrochemicals Limited,2026-09-04 03:09:57
Prostarm Info Systems Limited,prostarm,29-MAY-2025,27-MAY-2025,   105,30-MAY-2025,03-JUN-2025,Rs.95 to Rs.105,BE,PROSTARM,,2026-09-04 03:09:57
Blue Water Logistics Limited,,29-MAY-2025,27-MAY-2025,135,,03-JUN-2025,Rs.132 to Rs.135,SME,BLUEWATER,Blue Water Logistics Limited,2026-09-04 03:09:57
Nikita Papers Limited,,29-MAY-2025,27-MAY-2025,104,,03-JUN-2025,Rs.95 to RS. 104,SME,NIKITA,Nikita Papers Limited,2026-09-04 03:09:57
Schloss Bangalore Limited,theleela,28-MAY-2025,26-MAY-2025,   435,29-MAY-2025,02-JUN-2025,Rs.413 to Rs.435,EQ,THELEELA,,2026-09-04 03:09:57
Aegis Vopak Terminals Limited,aegisvopak,28-MAY-2025,26-MAY-2025,######,30-MAY-2025,08-JAN-2026,Rs.223 to Rs.235,N0,AVTL29,,2026-09-04 03:09:57
Belrise Industries Limited,belrise,23-MAY-2025,21-MAY-2025,    90,24-MAY-2025,28-MAY-2025,Rs.85 to Rs.90,EQ,BELRISE,,2026-09-04 03:09:57
Dar Credit & Capital Limited,,23-MAY-2025,21-MAY-2025,10000,,12-AUG-2026,Rs.57 to Rs.60,SME,1305DCCL29,Dar Credit & Capital Limited,2026-09-04 03:09:57
Borana Weaves Limited,borana,22-MAY-2025,20-MAY-2025,   216,23-MAY-2025,27-MAY-2025,Rs.205 to Rs.216,BE,BORANA,,2026-09-04 03:09:57
Accretion Pharmaceuticals Limited,,16-MAY-2025,14-MAY-2025,101,,21-MAY-2025,Rs.96 to Rs.101,SME,ACCPL,Accretion Pharmaceuticals Limited,2026-09-04 03:09:57
Integrity Infrabuild Developers Limited,,15-MAY-2025,13-MAY-2025,100,,20-MAY-2025,Rs.100,SME,INTEGRITY,Integrity Infrabuild Developers Limited,2026-09-04 03:09:57
Virtual Galaxy Infotech Limited,,14-MAY-2025,09-MAY-2025,142,,19-MAY-2025,Rs.135 to Rs.142,SME,VGINFOTECH,Virtual Galaxy Infotech Limited,2026-09-04 03:09:57
Arunaya Organics Limited,,02-MAY-2025,29-APR-2025,58,,07-MAY-2025,Rs.55 TO RS. 58,SME,ARUNAYA,Arunaya Organics Limited,2026-09-04 03:09:57
Ather Energy Limited,atherenerg,30-APR-2025,28-APR-2025,   321,01-MAY-2025,06-MAY-2025,Rs.304 to Rs.321,EQ,ATHERENERG,,2026-09-04 03:09:57
Iware Supplychain Services Limited,,30-APR-2025,28-APR-2025,95,,06-MAY-2025,Rs.95,SME,IWARE,Iware Supplychain Services Limited,2026-09-04 03:09:57
Tankup Engineers Limited,,25-APR-2025,23-APR-2025,140,,30-APR-2025,Rs.133 TO RS. 140,SME,TANKUP,Tankup Engineers Limited,2026-09-04 03:09:57
IIFL Finance Limited,iiflt1,11-APR-2025,07-APR-2025,######,16-APR-2025,13-MAR-2026,Rs.1000,N0,860IIFL27,,2026-09-04 03:09:57
UGRO Capital Limited,ugrod6,17-APR-2025,03-APR-2025,  1000,21-APR-2025,28-APR-2025,Rs.1000,DEBT,UGROD6,,2026-09-04 03:09:57
SMC Global Securities Limited,smcg02,17-APR-2025,02-APR-2025,-,22-APR-2025,-,Rs.1000,DEBT,SMCG02,,2026-09-04 03:09:57
ATC Energies System Limited,,27-MAR-2025,25-MAR-2025,118,,02-APR-2025,Rs.112 to Rs.118,SME,ATCENERGY,ATC Energies System Limited,2026-09-04 03:09:57
Shri Ahimsa Naturals Limited,,27-MAR-2025,25-MAR-2025,119,,02-APR-2025,Rs.113 to Rs.119,SME,SHRIAHIMSA,Shri Ahimsa Naturals Limited,2026-09-04 03:09:57
Rapid Fleet Management Services Limited,,25-MAR-2025,21-MAR-2025,192,,28-MAR-2025,Rs.183 to Rs.192,SME,RAPIDFLEET,Rapid Fleet Management Services Limited,2026-09-04 03:09:57
Active Infrastructures Limited,,25-MAR-2025,21-MAR-2025,181,,28-MAR-2025,Rs.178 to Rs.181,SME,ACTIVEINFR,Active Infrastructures Limited,2026-09-04 03:09:57
Grand Continent Hotels Limited,,24-MAR-2025,20-MAR-2025,113,,27-MAR-2025,Rs.107 to Rs.113,SME,GCHOTELS,Grand Continent Hotels Limited,2026-09-04 03:09:57
Divine Hira Jewellers Limited,,19-MAR-2025,17-MAR-2025,90,,24-MAR-2025,Rs.90,SME,DIVINEHIRA,Divine Hira Jewellers Limited,2026-09-04 03:09:57
Balaji Phosphates Limited,,04-MAR-2025,28-FEB-2025,70,,07-MAR-2025,Rs.66 to Rs.70,SME,BALAJIPHOS,Balaji Phosphates Limited,2026-09-04 03:09:57
Sammaan Capital Limited,scl003,12-MAR-2025,27-FEB-2025,######,13-MAR-2025,09-MAR-2026,Rs.1000,N0,975SCL35,,2026-09-04 03:09:57
HP Telecom India Limited,,24-FEB-2025,20-FEB-2025,108,,28-FEB-2025,Rs.108,SME,HPTL,HP Telecom India Limited,2026-09-04 03:09:57
Quality Power Electrical Equipments Limited,qpower,18-FEB-2025,14-FEB-2025,   425,19-FEB-2025,24-FEB-2025,Rs.401 to Rs.425,EQ,QPOWER,,2026-09-04 03:09:57
Royal Arc Electrodes Limited,,18-FEB-2025,14-FEB-2025,120,,24-FEB-2025,Rs.114 to Rs.120,SME,ROYALARC,Royal Arc Electrodes Limited,2026-09-04 03:09:57
Tejas Cargo India Limited,,18-FEB-2025,14-FEB-2025,168,,24-FEB-2025,Rs.160 to Rs.168,SME,TEJASCARGO,Tejas Cargo India Limited,2026-09-04 03:09:57
Hexaware Technologies Limited,hext,14-FEB-2025,12-FEB-2025,   708,16-FEB-2025,19-FEB-2025,Rs.674 to Rs.708,EQ,HEXT,,2026-09-04 03:09:57
Voler Car Limited,,14-FEB-2025,12-FEB-2025,90,,19-FEB-2025,Rs.85 to Rs.90,SME,VOLERCAR,Voler Car Limited,2026-09-04 03:09:57
P S Raj Steels Limited,,14-FEB-2025,12-FEB-2025,140,,19-FEB-2025,Rs.132 to Rs.140,SME,PSRAJ,P S Raj Steels Limited,2026-09-04 03:09:57
Maxvolt Energy Industries Limited,,14-FEB-2025,12-FEB-2025,180,,19-FEB-2025,Rs.171 to Rs.180,SME,MAXVOLT,Maxvolt Energy Industries Limited,2026-09-04 03:09:57
Ajax Engineering Limited,ajaxengg,12-FEB-2025,10-FEB-2025,   629,13-FEB-2025,17-FEB-2025,Rs.599 to Rs.629,EQ,AJAXENGG,,2026-09-04 03:09:57
Chandan Healthcare Limited,,12-FEB-2025,10-FEB-2025,159,,17-FEB-2025,Rs.151 to Rs.159,SME,CHANDAN,Chandan Healthcare Limited,2026-09-04 03:09:57
Eleganz Interiors Limited,,11-FEB-2025,07-FEB-2025,130,,14-FEB-2025,Rs.123 to Rs.130,SME,ELGNZ,Eleganz Interiors Limited,2026-09-04 03:09:57
Readymix Construction Machinery Limited,,10-FEB-2025,06-FEB-2025,123,,13-FEB-2025,Rs.121 to Rs.123,SME,READYMIX,Readymix Construction Machinery Limited,2026-09-04 03:09:57
Ken Enterprises Limited,,07-FEB-2025,05-FEB-2025,94,,12-FEB-2025,Rs.94,SME,KEN,Ken Enterprises Limited,2026-09-04 03:09:57
Chamunda Electrical Limited,,06-FEB-2025,04-FEB-2025,50,,11-FEB-2025,Rs.47 to Rs.50,SME,CHAMUNDA,Chamunda Electrical Limited,2026-09-04 03:09:57
Dr. Agarwal's Health Care Limited,agarwaleye,31-JAN-2025,29-JAN-2025,   402,01-FEB-2025,04-FEB-2025,Rs.382 to Rs.402,EQ,AGARWALEYE,,2026-09-04 03:09:57
Denta Water and Infra Solutions Limited,denta,24-JAN-2025,22-JAN-2025,   294,25-JAN-2025,29-JAN-2025,Rs.279 to Rs.294,BE,DENTA,,2026-09-04 03:09:57
Rexpro Enterprises Limited,,24-JAN-2025,22-JAN-2025,145,,29-JAN-2025,Rs.145,SME,REXPRO,Rexpro Enterprises Limited,2026-09-04 03:09:57
EMA Partners India Limited,,21-JAN-2025,17-JAN-2025,124,,24-JAN-2025,Rs.117 to Rs.124,SME,EMAIN,EMA Partners India Limited,2026-09-04 03:09:57
Stallion India Fluorochemicals Limited,stallion,20-JAN-2025,16-JAN-2025,    90,21-JAN-2025,23-JAN-2025,Rs.85 to Rs.90,BE,STALLION,,2026-09-04 03:09:57
Kabra Jewels Limited,,17-JAN-2025,15-JAN-2025,128,,22-JAN-2025,Rs.121 to Rs.128,SME,KKJEWELS,Kabra Jewels Limited,2026-09-04 03:09:57
Laxmi Dental Limited,laxmidentl,15-JAN-2025,13-JAN-2025,   428,17-JAN-2025,20-JAN-2025,Rs.407 to Rs.428,EQ,LAXMIDENTL,,2026-09-04 03:09:57
Barflex Polyfilms Limited,,15-JAN-2025,10-JAN-2025,60,,20-JAN-2025,Rs.57 to Rs.60,SME,BARFLEX,Barflex Polyfilms Limited,2026-09-04 03:09:57
Sat Kartar Shopping Limited,,14-JAN-2025,10-JAN-2025,81,,17-JAN-2025,Rs.77 to Rs.81,SME,SATKARTAR,Sat Kartar Shopping Limited,2026-09-04 03:09:57
Quadrant Future Tek Limited,quadfuture,09-JAN-2025,07-JAN-2025,   290,13-JAN-2025,14-JAN-2025,Rs.275 to Rs.290,EQ,QUADFUTURE,,2026-09-04 03:09:57
Capital Infra Trust,capinvit,09-JAN-2025,07-JAN-2025,    99,12-JAN-2025,17-JAN-2025,Rs.99 to Rs.100,IV,CAPINVIT,,2026-09-04 03:09:57
Delta Autocorp Limited,,09-JAN-2025,07-JAN-2025,130,,14-JAN-2025,Rs.123 to Rs.130,SME,DELTIC,Delta Autocorp Limited,2026-09-04 03:09:57
Standard Glass Lining Technology Limited,sgltl,08-JAN-2025,06-JAN-2025,   140,10-JAN-2025,13-JAN-2025,Rs.133 to Rs.140 ,EQ,SGLTL,,2026-09-04 03:09:57
Indo Farm Equipment Limited,indofarm,02-JAN-2025,31-DEC-2024,   215,04-JAN-2025,07-JAN-2025,Rs.204 to Rs.215 ,EQ,INDOFARM,,2026-09-04 03:09:57
Anya Polytech & Fertilizers Limited,,30-DEC-2024,26-DEC-2024,14,,02-JAN-2025,Rs.13 to Rs.14,SME,ANYA,Anya Polytech & Fertilizers Limited,2026-09-04 03:09:57
Unimech Aerospace and Manufacturing Limited,unimech,26-DEC-2024,23-DEC-2024,   785,28-DEC-2024,31-DEC-2024,Rs.745 to Rs.785 ,EQ,UNIMECH,,2026-09-04 03:09:57
Ventive Hospitality Limited,ventive,24-DEC-2024,20-DEC-2024,   643,26-DEC-2024,30-DEC-2024,Rs.610 to Rs.643,EQ,VENTIVE,,2026-09-04 03:09:57
Carraro India Limited,carraro,24-DEC-2024,20-DEC-2024,   704,26-DEC-2024,30-DEC-2024,Rs.668 to Rs.704 ,EQ,CARRARO,,2026-09-04 03:09:57
Senores Pharmaceuticals Limited,senores,24-DEC-2024,20-DEC-2024,   391,26-DEC-2024,30-DEC-2024,Rs.372 to Rs.391,EQ,SENORES,,2026-09-04 03:09:57
Mamata Machinery Limited,mamata,23-DEC-2024,19-DEC-2024,   243,24-DEC-2024,27-DEC-2024,Rs.230 to Rs.243,BE,MAMATA,,2026-09-04 03:09:57
Sanathan Textiles Limited,sanathan,23-DEC-2024,19-DEC-2024,   321,24-DEC-2024,27-DEC-2024,Rs.305 to Rs.321,EQ,SANATHAN,,2026-09-04 03:09:57
Concord Enviro Systems Limited,cewater,23-DEC-2024,19-DEC-2024,   701,24-DEC-2024,27-DEC-2024,Rs.665 to Rs.701,EQ,CEWATER,,2026-09-04 03:09:57
Transrail Lighting Limited,transraill,23-DEC-2024,19-DEC-2024,   432,28-DEC-2024,27-DEC-2024,Rs.410 to Rs.432,EQ,TRANSRAILL,,2026-09-04 03:09:57
DAM Capital Advisors Limited,damcapital,23-DEC-2024,19-DEC-2024,   283,24-DEC-2024,27-DEC-2024,Rs.269 to Rs.283,EQ,DAMCAPITAL,,2026-09-04 03:09:57
NewMalayalam Steel Limited,,23-DEC-2024,19-DEC-2024,90,,27-DEC-2024,Rs.85 to Rs.90,SME,NMSTEEL,NewMalayalam Steel Limited,2026-09-04 03:09:57
Identical Brains Studios Limited,,20-DEC-2024,18-DEC-2024,54,,26-DEC-2024,Rs.51 to Rs.54,SME,IDENTICAL,Identical Brains Studios Limited,2026-09-04 03:09:57
International Gemmological Institute (India) Limited,igil,17-DEC-2024,13-DEC-2024,   417,19-DEC-2024,20-DEC-2024,Rs.397 to Rs.417,EQ,IGIL,,2026-09-04 03:09:57
Inventurus Knowledge Solutions Limited,iks,16-DEC-2024,12-DEC-2024,  1329,18-DEC-2024,19-DEC-2024,Rs.1265 to Rs.1329,EQ,IKS,,2026-09-04 03:09:57
Sai Life Sciences Limited,sailife,13-DEC-2024,11-DEC-2024,   549,15-DEC-2024,18-DEC-2024,Rs.522 to Rs.549,EQ,SAILIFE,,2026-09-04 03:09:57
One MobiKwik Systems Limited,mobikwik,13-DEC-2024,11-DEC-2024,   279,15-DEC-2024,18-DEC-2024,Rs.265 to Rs.279,EQ,MOBIKWIK,,2026-09-04 03:09:57
Vishal Mega Mart Limited,vmm,13-DEC-2024,11-DEC-2024,    78,15-DEC-2024,18-DEC-2024,Rs.74 to Rs.78,EQ,VMM,,2026-09-04 03:09:57
Purple United Sales Limited,,13-DEC-2024,11-DEC-2024,126,,18-DEC-2024,Rs.121 to Rs.126,SME,PURPLEUTED,Purple United Sales Limited,2026-09-04 03:09:57
Supreme Facility Management Limited,,13-DEC-2024,11-DEC-2024,76,,18-DEC-2024,Rs.72 to Rs.76,SME,SFML,Supreme Facility Management Limited,2026-09-04 03:09:57
Sammaan Capital Limited,scl002,20-DEC-2024,09-DEC-2024,######,23-DEC-2024,09-MAR-2026,Rs.1000,N0,975SCL35,,2026-09-04 03:09:57
Dhanlaxmi Crop Science Limited,,11-DEC-2024,09-DEC-2024,55,,16-DEC-2024,Rs.52 to Rs.55,SME,DHANLAXMI,Dhanlaxmi Crop Science Limited,2026-09-04 03:09:57
IIFL Home Finance Limited,ihfl01,19-DEC-2024,06-DEC-2024,######,21-DEC-2024,02-DEC-2025,Rs.1000,N0,790IHFL27,,2026-09-04 03:09:57
Emerald Tyre Manufacturers Limited,,09-DEC-2024,05-DEC-2024,95,,12-DEC-2024,Rs.90 to Rs.95,SME,ETML,Emerald Tyre Manufacturers Limited,2026-09-04 03:09:57
Suraksha Diagnostic Limited,suraksha,03-DEC-2024,29-NOV-2024,   441,05-DEC-2024,06-DEC-2024,Rs.420 to Rs.441,EQ,SURAKSHA,,2026-09-04 03:09:57
Ganesh Infraworld Limited,,03-DEC-2024,29-NOV-2024,83,,06-DEC-2024,Rs.78 to Rs.83,SME,GANESHIN,Ganesh Infraworld Limited,2026-09-04 03:09:57
Agarwal Toughened Glass India Limited,,02-DEC-2024,28-NOV-2024,108,,05-DEC-2024,Rs.105 to Rs.108,SME,AGARWALTUF,Agarwal Toughened Glass India Limited,2026-09-04 03:09:57
Abha Power and Steel Limited,,29-NOV-2024,27-NOV-2024,75,,04-DEC-2024,Rs.75,SME,ABHAPOWER,Abha Power and Steel Limited,2026-09-04 03:09:57
Apex Ecotech Limited,,29-NOV-2024,27-NOV-2024,73,,04-DEC-2024,Rs.71 to Rs.73,SME,APEXECO,Apex Ecotech Limited,2026-09-04 03:09:57
C2C Advanced Systems Limited- Withdrawal Window,,29-NOV-2024,26-NOV-2024,-,,-,Rs.214 to Rs.226,SME,C2CW,C2C Advanced Systems Limited- Withdrawal Window,2026-09-04 03:09:57
Rajputana Biodiesel Limited,,28-NOV-2024,26-NOV-2024,130,,03-DEC-2024,Rs.123 to Rs.130,SME,RAJPUTANA,Rajputana Biodiesel Limited,2026-09-04 03:09:57
Enviro Infra Engineers Limited,eiel,26-NOV-2024,22-NOV-2024,   148,28-NOV-2024,29-NOV-2024,Rs.140 to Rs.148,EQ,EIEL,,2026-09-04 03:09:57
C2C Advanced Systems Limited,,26-NOV-2024,22-NOV-2024,226,,03-DEC-2024,Rs.214 to Rs.226,SME,C2C,C2C Advanced Systems Limited,2026-09-04 03:09:57
Lamosaic India Limited,,26-NOV-2024,21-NOV-2024,200,,29-NOV-2024,Rs.200,SME,LAMOSAIC,Lamosaic India Limited,2026-09-04 03:09:57
NTPC Green Energy Limited,ntpcgreen,22-NOV-2024,19-NOV-2024,######,24-NOV-2024,13-JUL-2026,Rs.102 to Rs.108,N0,727NGEL36,,2026-09-04 03:09:57
Zinka Logistics Solutions Limited,blackbuck,18-NOV-2024,13-NOV-2024,   273,20-NOV-2024,22-NOV-2024,Rs.259 to Rs.273,EQ,BLACKBUCK,,2026-09-04 03:09:57
ONYX BIOTEC LIMITED,,18-NOV-2024,13-NOV-2024,61,,22-NOV-2024,Rs.58 to Rs.61,SME,ONYX,ONYX BIOTEC LIMITED,2026-09-04 03:09:57
Neelam Linens and Garments (India) Limited,,12-NOV-2024,08-NOV-2024,24,,18-NOV-2024,Rs.20 to Rs.24,SME,NEELAM,Neelam Linens and Garments (India) Limited,2026-09-04 03:09:57
Niva Bupa Health Insurance Company Limited,nivabupa,11-NOV-2024,07-NOV-2024,    74,12-NOV-2024,14-NOV-2024,Rs.70 to Rs.74,EQ,NIVABUPA,,2026-09-04 03:09:57
Swiggy Limited,swiggy,08-NOV-2024,06-NOV-2024,   390,09-NOV-2024,13-NOV-2024,Rs.371 to Rs.390,EQ,SWIGGY,,2026-09-04 03:09:57
ACME Solar Holdings Limited,acmesolar,08-NOV-2024,06-NOV-2024,   289,09-NOV-2024,13-NOV-2024,Rs.275 to Rs.289,EQ,ACMESOLAR,,2026-09-04 03:09:57
Sagility India Limited,sagility,07-NOV-2024,05-NOV-2024,    30,09-NOV-2024,12-NOV-2024,Rs.28 to Rs.30,EQ,SAGILITY,,2026-09-04 03:09:57
Afcons Infrastructure Limited,afcons,29-OCT-2024,25-OCT-2024,######,30-OCT-2024,17-OCT-2025,Rs.440 to Rs.463,N0,84AIL28,,2026-09-04 03:09:57
Usha Financial Services Limited,,28-OCT-2024,24-OCT-2024,168,,31-OCT-2024,Rs.160 to Rs.168,SME,USHAFIN,Usha Financial Services Limited,2026-09-04 03:09:57
Godavari Biorefineries Limited,godavarib,25-OCT-2024,23-OCT-2024,   352,27-OCT-2024,30-OCT-2024,Rs.334 to Rs.352,EQ,GODAVARIB,,2026-09-04 03:09:57
OBSC Perfection Limited,,24-OCT-2024,22-OCT-2024,100,,29-OCT-2024,Rs.95 to Rs.100,SME,OBSCP,OBSC Perfection Limited,2026-09-04 03:09:57
Danish Power Limited,,24-OCT-2024,22-OCT-2024,380,,29-OCT-2024,Rs.360 to Rs.380,SME,DANISH,Danish Power Limited,2026-09-04 03:09:57
United Heat Transfer Limited,,24-OCT-2024,22-OCT-2024,59,,29-OCT-2024,Rs.56 to Rs.59,SME,UHTL,United Heat Transfer Limited,2026-09-04 03:09:57
Deepak Builders & Engineers India Limited,dbeil,23-OCT-2024,21-OCT-2024,   203,24-OCT-2024,28-OCT-2024,Rs.192 to Rs.203,EQ,DBEIL,,2026-09-04 03:09:57
Waaree Energies Limited,waareeener,23-OCT-2024,21-OCT-2024,  1503,24-OCT-2024,28-OCT-2024,Rs.1427 to Rs.1503,EQ,WAAREEENER,,2026-09-04 03:09:57
Premium Plast Limited,,23-OCT-2024,21-OCT-2024,49,,28-OCT-2024,Rs.46 to Rs.49,SME,PREMIUM,Premium Plast Limited,2026-09-04 03:09:57
Freshara Agro Exports Limited,,21-OCT-2024,17-OCT-2024,116,,24-OCT-2024,Rs.110 to Rs.116,SME,FRESHARA,Freshara Agro Exports Limited,2026-09-04 03:09:57
Lakshya Powertech Limited,,18-OCT-2024,16-OCT-2024,180,,23-OCT-2024,Rs.171 to Rs.180,SME,LAKSHYA,Lakshya Powertech Limited,2026-09-04 03:09:57
Hyundai Motor India Limited,hyundai,17-OCT-2024,15-OCT-2024,  1960,18-OCT-2024,22-OCT-2024,Rs.1865 to Rs.1960,EQ,HYUNDAI,,2026-09-04 03:09:57
UGRO Capital Limited,ugrod5,18-OCT-2024,10-OCT-2024,  1000,21-OCT-2024,28-APR-2025,Rs.1000,DEBT,UGROD5,,2026-09-04 03:09:57
Pranik Logistics Limited,,14-OCT-2024,10-OCT-2024,77,,17-OCT-2024,Rs.73 to Rs.77,SME,PRANIK,Pranik Logistics Limited,2026-09-04 03:09:57
Garuda Construction and Engineering Limited,garuda,10-OCT-2024,08-OCT-2024,    95,11-OCT-2024,15-OCT-2024,Rs.90 to Rs.95,EQ,GARUDA,,2026-09-04 03:09:57
Paramount Dye Tec Limited,,03-OCT-2024,30-SEP-2024,117,,08-OCT-2024,Rs.111 to Rs.117,SME,PARAMOUNT,Paramount Dye Tec Limited,2026-09-04 03:09:57
Saj Hotels Limited,,01-OCT-2024,27-SEP-2024,65,,07-OCT-2024,Rs.65,SME,SAJHOTELS,Saj Hotels Limited,2026-09-04 03:09:57
Hvax Technologies Limited,,01-OCT-2024,27-SEP-2024,458,,07-OCT-2024,Rs.435 to Rs.458,SME,HVAX,Hvax Technologies Limited,2026-09-04 03:09:57
Diffusion Engineers Limited,diffnkg,30-SEP-2024,26-SEP-2024,   168,02-OCT-2024,04-OCT-2024,Rs.159 to Rs.168,BE,DIFFNKG,,2026-09-04 03:09:57
Forge Auto International Limited,,30-SEP-2024,26-SEP-2024,108,,04-OCT-2024,Rs.102 to Rs.108,SME,FORGEAUTO,Forge Auto International Limited,2026-09-04 03:09:57
Sahasra Electronic Solutions Limited,,30-SEP-2024,26-SEP-2024,283,,04-OCT-2024,Rs.269 to Rs.283,SME,SAHASRA,Sahasra Electronic Solutions Limited,2026-09-04 03:09:57
Divyadhan Recycling Industries Limited,,30-SEP-2024,26-SEP-2024,64,,04-OCT-2024,Rs.60 to Rs.64,SME,DIVYADHAN,Divyadhan Recycling Industries Limited,2026-09-04 03:09:57
KRN Heat Exchanger and Refrigeration Limited,krn,27-SEP-2024,25-SEP-2024,   220,30-SEP-2024,03-OCT-2024,Rs.209 to Rs.220,EQ,KRN,,2026-09-04 03:09:57
Thinking Hats Entertainment Solutions Limited,,27-SEP-2024,25-SEP-2024,44,,03-OCT-2024,Rs.42 to Rs.44,SME,THESL,Thinking Hats Entertainment Solutions Limited,2026-09-04 03:09:57
Techera Engineering (India) Limited,,27-SEP-2024,25-SEP-2024,82,,03-OCT-2024,Rs.75 to Rs.82,SME,TECHERA,Techera Engineering (India) Limited,2026-09-04 03:09:57
Unilex Colours and Chemicals Limited,,27-SEP-2024,25-SEP-2024,87,,03-OCT-2024,Rs.82 to Rs.87,SME,UNILEX,Unilex Colours and Chemicals Limited,2026-09-04 03:09:57
Manba Finance Limited,manba,25-SEP-2024,23-SEP-2024,   120,27-SEP-2024,30-SEP-2024,Rs.114 to Rs.120,BE,MANBA,,2026-09-04 03:09:57
WOL 3D India Limited,,25-SEP-2024,23-SEP-2024,150,,30-SEP-2024,Rs.142 to Rs.150,SME,WOL3D,WOL 3D India Limited,2026-09-04 03:09:57
Rappid Valves (India) Limited,,25-SEP-2024,23-SEP-2024,222,,30-SEP-2024,Rs.210 to Rs.222,SME,RAPPID,Rappid Valves (India) Limited,2026-09-04 03:09:57
Phoenix Overseas Limited,,24-SEP-2024,20-SEP-2024,64,,27-SEP-2024,Rs.61 to Rs.64,SME,PHOGLOBAL,Phoenix Overseas Limited,2026-09-04 03:09:57
Bikewo Green Tech Limited,,24-SEP-2024,20-SEP-2024,62,,27-SEP-2024,Rs.59 to Rs.62,SME,BIKEWO,Bikewo Green Tech Limited,2026-09-04 03:09:57
S D Retail Limited,,24-SEP-2024,20-SEP-2024,131,,27-SEP-2024,Rs.124 to Rs.131,SME,SDREAMS,S D Retail Limited,2026-09-04 03:09:57
Avi Ansh Textile Limited,,24-SEP-2024,20-SEP-2024,62,,27-SEP-2024,Rs.62,SME,AVIANSH,Avi Ansh Textile Limited,2026-09-04 03:09:57
Kalana Ispat Limited,,23-SEP-2024,19-SEP-2024,66,,26-SEP-2024,Rs.66,SME,KALANA,Kalana Ispat Limited,2026-09-04 03:09:57
Paramount Speciality Forgings Limited,,20-SEP-2024,17-SEP-2024,59,,25-SEP-2024,Rs.57 to Rs.59,SME,PSFL,Paramount Speciality Forgings Limited,2026-09-04 03:09:57
Arkade Developers Limited,arkade,19-SEP-2024,16-SEP-2024,   128,21-SEP-2024,24-SEP-2024,Rs.121 to Rs.128,EQ,ARKADE,,2026-09-04 03:09:57
Northern Arc Capital Limited,northarc,19-SEP-2024,16-SEP-2024,######,21-SEP-2024,05-AUG-2026,Rs.249 to Rs.263,N0,904NACL28,,2026-09-04 03:09:57
Osel Devices Limited,,19-SEP-2024,16-SEP-2024,160,,24-SEP-2024,Rs.155 to Rs.160,SME,OSELDEVICE,Osel Devices Limited,2026-09-04 03:09:57
Pelatro Limited,,19-SEP-2024,16-SEP-2024,200,,24-SEP-2024,Rs.190 to Rs.200,SME,PELATRO,Pelatro Limited,2026-09-04 03:09:57
Western Carriers (India) Limited,wcil,19-SEP-2024,13-SEP-2024,   172,20-SEP-2024,24-SEP-2024,Rs.163 to Rs.172,EQ,WCIL,,2026-09-04 03:09:57
Envirotech Systems Limited,,19-SEP-2024,13-SEP-2024,56,,24-SEP-2024,Rs.53 to Rs.56,SME,ENVIRO,Envirotech Systems Limited,2026-09-04 03:09:57
Deccan Transcon Leasing Limited,,19-SEP-2024,13-SEP-2024,108,,24-SEP-2024,Rs.102 to Rs.108,SME,DECCANTRAN,Deccan Transcon Leasing Limited,2026-09-04 03:09:57
Excellent Wires and Packaging Limited,,13-SEP-2024,11-SEP-2024,90,,19-SEP-2024,Rs.90,SME,EXCELLENT,Excellent Wires and Packaging Limited,2026-09-04 03:09:57
Innomet Advanced Materials Limited,,13-SEP-2024,11-SEP-2024,100,,18-SEP-2024,Rs.100,SME,INNOMET,Innomet Advanced Materials Limited,2026-09-04 03:09:57
P N Gadgil Jewellers Limited,pngjl,12-SEP-2024,10-SEP-2024,   480,14-SEP-2024,17-SEP-2024,Rs.456 to Rs.480,EQ,PNGJL,,2026-09-04 03:09:57
SPP Polymer Limited,,12-SEP-2024,10-SEP-2024,59,,17-SEP-2024,Rs.59,SME,SPPPOLY,SPP Polymer Limited,2026-09-04 03:09:57
Bajaj Housing Finance Limited,bajajhfl,11-SEP-2024,09-SEP-2024,    70,13-SEP-2024,16-SEP-2024,Rs.66 to Rs.70,EQ,BAJAJHFL,,2026-09-04 03:09:57
Tolins Tyres Limited,tolins,11-SEP-2024,09-SEP-2024,   226,13-SEP-2024,16-SEP-2024,Rs.215 to Rs.226,BE,TOLINS,,2026-09-04 03:09:57
Kross Limited,kross,11-SEP-2024,09-SEP-2024,   240,13-SEP-2024,16-SEP-2024,Rs.228 to Rs.240,EQ,KROSS,,2026-09-04 03:09:57
Gajanand International Limited,,11-SEP-2024,09-SEP-2024,36,,16-SEP-2024,Rs.36,SME,GAJANAND,Gajanand International Limited,2026-09-04 03:09:57
Shubhshree Biofuels Energy Limited,,11-SEP-2024,09-SEP-2024,119,,16-SEP-2024,Rs.113 to Rs.119,SME,SHUBHSHREE,Shubhshree Biofuels Energy Limited,2026-09-04 03:09:57
Aditya Ultra Steel Limited,,11-SEP-2024,09-SEP-2024,62,,16-SEP-2024,Rs.59 to Rs.62,SME,AUSL,Aditya Ultra Steel Limited,2026-09-04 03:09:57
Sammaan Capital Limited,scl001,19-SEP-2024,06-SEP-2024,######,21-SEP-2024,09-MAR-2026,Rs.1000,N0,975SCL35,,2026-09-04 03:09:57
Vision Infra Equipment Solutions Limited,,10-SEP-2024,06-SEP-2024,100000,,01-SEP-2026,Rs.155 to Rs.163,SME,1150VIES30,Vision Infra Equipment Solutions Limited,2026-09-04 03:09:57
Shree Tirupati Balajee Agro Trading Company Limited,balajee,09-SEP-2024,05-SEP-2024,    83,11-SEP-2024,12-SEP-2024,Rs.78 to Rs.83,BE,BALAJEE,,2026-09-04 03:09:57
My Mudra Fincorp Limited,,09-SEP-2024,05-SEP-2024,110,,12-SEP-2024,Rs.104 to Rs.110,SME,MYMUDRA,My Mudra Fincorp Limited,2026-09-04 03:09:57
Adani Enterprises Limited,ael01,06-SEP-2024,04-SEP-2024,   450,09-SEP-2024,10-FEB-2026,Rs.1000,EQ,ADANIENPP1,,2026-09-04 03:09:57
Namo eWaste Management Limited,,06-SEP-2024,04-SEP-2024,85,,11-SEP-2024,Rs.80 to Rs.85,SME,NAMOEWASTE,Namo eWaste Management Limited,2026-09-04 03:09:57
Gala Precision Engineering Limited,galaprec,04-SEP-2024,02-SEP-2024,   529,05-SEP-2024,09-SEP-2024,Rs.503 to Rs.529,BE,GALAPREC,,2026-09-04 03:09:57
Jeyyam Global Foods Limited,,04-SEP-2024,02-SEP-2024,61,,09-SEP-2024,Rs.59 to Rs.61,SME,JEYYAM,Jeyyam Global Foods Limited,2026-09-04 03:09:57
Baazar Style Retail Limited,stylebaaza,03-SEP-2024,30-AUG-2024,   389,05-SEP-2024,06-SEP-2024,Rs.370 to Rs.389,EQ,STYLEBAAZA,,2026-09-04 03:09:57
Boss Packaging Solutions Limited,,03-SEP-2024,30-AUG-2024,66,,06-SEP-2024,Rs.66,SME,BOSS,Boss Packaging Solutions Limited,2026-09-04 03:09:57
Ecos (India) Mobility & Hospitality Limited,ecosmoblty,30-AUG-2024,28-AUG-2024,   334,31-AUG-2024,04-SEP-2024,Rs.318 to Rs.334,EQ,ECOSMOBLTY,,2026-09-04 03:09:57
Aeron Composite Limited,,30-AUG-2024,28-AUG-2024,125,,04-SEP-2024,Rs.121 to Rs.125,SME,AERON,Aeron Composite Limited,2026-09-04 03:09:57
Premier Energies Limited,premierene,29-AUG-2024,27-AUG-2024,   450,31-AUG-2024,03-SEP-2024,Rs.427 to Rs.450,EQ,PREMIERENE,,2026-09-04 03:09:57
Vdeal System Limited,,29-AUG-2024,27-AUG-2024,112,,03-SEP-2024,Rs.112,SME,VDEAL,Vdeal System Limited,2026-09-04 03:09:57
Paramatrix Technologies Limited,,30-AUG-2024,27-AUG-2024,110,,04-SEP-2024,Rs.110,SME,PARAMATRIX,Paramatrix Technologies Limited,2026-09-04 03:09:57
Jay Bee Laminations Limited,,29-AUG-2024,27-AUG-2024,146,,03-SEP-2024,Rs.138 to Rs.146,SME,JAYBEE,Jay Bee Laminations Limited,2026-09-04 03:09:57
Indian Phosphate Limited,,29-AUG-2024,26-AUG-2024,99,,03-SEP-2024,Rs.94 to Rs.99,SME,IPHL,Indian Phosphate Limited,2026-09-04 03:09:57
Orient Technologies Limited,orienttech,23-AUG-2024,21-AUG-2024,   206,25-AUG-2024,28-AUG-2024,Rs.195 to Rs.206,BE,ORIENTTECH,,2026-09-04 03:09:57
QVC Exports Limited,,23-AUG-2024,21-AUG-2024,86,,28-AUG-2024,Rs.86,SME,QVCEL,QVC Exports Limited,2026-09-04 03:09:57
Ideal Technoplast Industries Limited,,23-AUG-2024,21-AUG-2024,121,,28-AUG-2024,Rs.121,SME,IDEALTECHO,Ideal Technoplast Industries Limited,2026-09-04 03:09:57
Interarch Building Products Limited,interarch,21-AUG-2024,19-AUG-2024,   900,23-AUG-2024,26-AUG-2024,Rs.850 to Rs.900,EQ,INTERARCH,,2026-09-04 03:09:57
Brace Port Logistics Limited,,21-AUG-2024,19-AUG-2024,80,,26-AUG-2024,Rs.76 to Rs.80,SME,BRACEPORT,Brace Port Logistics Limited,2026-09-04 03:09:57
Forcas Studio Limited,,21-AUG-2024,19-AUG-2024,80,,26-AUG-2024,Rs.77 to Rs.80,SME,FORCAS,Forcas Studio Limited,2026-09-04 03:09:57
Solve Plastic Products Limited,,16-AUG-2024,13-AUG-2024,91,,21-AUG-2024,Rs.91,SME,BALCO,Solve Plastic Products Limited,2026-09-04 03:09:57
Saraswati Saree Depot Limited,ssdl,14-AUG-2024,12-AUG-2024,   160,16-AUG-2024,20-AUG-2024,Rs.152 to Rs.160,BE,SSDL,,2026-09-04 03:09:57
Positron Energy Limited,,14-AUG-2024,12-AUG-2024,250,,20-AUG-2024,Rs.238 to Rs.250,SME,POSITRON,Positron Energy Limited,2026-09-04 03:09:57
Sunlite Recycling Industries Limited,,14-AUG-2024,12-AUG-2024,105,,20-AUG-2024,Rs.100 to Rs.105,SME,SUNLITE,Sunlite Recycling Industries Limited,2026-09-04 03:09:57
Aesthetik Engineers Limited,,12-AUG-2024,08-AUG-2024,58,,16-AUG-2024,Rs.55 to Rs.58,SME,AESTHETIK,Aesthetik Engineers Limited,2026-09-04 03:09:57
Unicommerce eSolutions Limited,uniecom,08-AUG-2024,06-AUG-2024,   108,10-AUG-2024,13-AUG-2024,Rs.102 to Rs.108,EQ,UNIECOM,,2026-09-04 03:09:57
Brainbees Solutions Limited,firstcry,08-AUG-2024,06-AUG-2024,   465,10-AUG-2024,13-AUG-2024,Rs.440 to Rs.465,EQ,FIRSTCRY,,2026-09-04 03:09:57
Ola Electric Mobility Limited,olaelec,06-AUG-2024,02-AUG-2024,    76,08-AUG-2024,09-AUG-2024,Rs.72 to Rs.76,EQ,OLAELEC,,2026-09-04 03:09:57
Picturepost Studios Limited,,06-AUG-2024,02-AUG-2024,24,,09-AUG-2024,Rs.22 to Rs.24,SME,PPSL,Picturepost Studios Limited,2026-09-04 03:09:57
Ceigall India Limited,ceigall,05-AUG-2024,01-AUG-2024,   401,07-AUG-2024,08-AUG-2024,Rs.380 to Rs.401,EQ,CEIGALL,,2026-09-04 03:09:57
Dhariwalcorp Limited,,05-AUG-2024,01-AUG-2024,106,,08-AUG-2024,Rs.102 to Rs.106,SME,DHARIWAL,Dhariwalcorp Limited,2026-09-04 03:09:57
Utssav CZ Gold Jewels Limited,,02-AUG-2024,31-JUL-2024,110,,07-AUG-2024,Rs.104 to Rs.110,SME,UTSSAV,Utssav CZ Gold Jewels Limited,2026-09-04 03:09:57
Akums Drugs and Pharmaceuticals Limited,akums,01-AUG-2024,30-JUL-2024,   679,03-AUG-2024,06-AUG-2024,Rs.646 to Rs.679,EQ,AKUMS,,2026-09-04 03:09:57
Bulkcorp International Limited,,01-AUG-2024,30-JUL-2024,105,,06-AUG-2024,Rs.100 to Rs.105,SME,BULKCORP,Bulkcorp International Limited,2026-09-04 03:09:57
Sathlokhar Synergys E&C Global Limited,,01-AUG-2024,30-JUL-2024,140,,06-AUG-2024,Rs.133 to Rs.140,SME,SSEGL,Sathlokhar Synergys E&C Global Limited,2026-09-04 03:09:57
Ashapura Logistics Limited,,01-AUG-2024,30-JUL-2024,144,,06-AUG-2024,Rs.136 to Rs.144,SME,ASHALOG,Ashapura Logistics Limited,2026-09-04 03:09:57
Rajputana Industries Limited,,01-AUG-2024,30-JUL-2024,38,,06-AUG-2024,Rs.36 to Rs.38,SME,RAJINDLTD,Rajputana Industries Limited,2026-09-04 03:09:57
S A Tech Software India Limited,,30-JUL-2024,26-JUL-2024,59,,02-AUG-2024,Rs.56 to Rs.59,SME,SATECH,S A Tech Software India Limited,2026-09-04 03:09:57
Esprit Stones Limited,,30-JUL-2024,26-JUL-2024,87,,02-AUG-2024,Rs.82 to Rs.87,SME,ESPRIT,Esprit Stones Limited,2026-09-04 03:09:57
Trom Industries Limited,,29-JUL-2024,25-JUL-2024,115,,01-AUG-2024,Rs.110 to Rs.115,SME,TROM,Trom Industries Limited,2026-09-04 03:09:57
Aprameya Engineering Limited,,29-JUL-2024,25-JUL-2024,58,,01-AUG-2024,Rs.56 to Rs.58,SME,APRAMEYA,Aprameya Engineering Limited,2026-09-04 03:09:57
Chetana Education Limited,,26-JUL-2024,24-JUL-2024,85,,31-JUL-2024,Rs.80 to Rs.85,SME,CHETANA,Chetana Education Limited,2026-09-04 03:09:57
Manglam Infra and Engineering Limited,,26-JUL-2024,24-JUL-2024,56,,31-JUL-2024,Rs.53 to Rs.56,SME,MIEL,Manglam Infra and Engineering Limited,2026-09-04 03:09:57
V L Infraprojects Limited,,25-JUL-2024,23-JUL-2024,42,,30-JUL-2024,Rs.39 to Rs.42,SME,VLINFRA,V L Infraprojects Limited,2026-09-04 03:09:57
RNFI Services Limited,,24-JUL-2024,22-JUL-2024,105,,29-JUL-2024,Rs.98 to Rs.105,SME,RNFI,RNFI Services Limited,2026-09-04 03:09:57
SAR Televenture Limited - FPO,,24-JUL-2024,22-JUL-2024,-,,-,Rs.200 to Rs.210,SME,SARTELEFPO,SAR Televenture Limited - FPO,2026-09-04 03:09:57
Sanstar Limited,sanstar,23-JUL-2024,19-JUL-2024,    95,25-JUL-2024,26-JUL-2024,Rs.90 to Rs.95,EQ,SANSTAR,,2026-09-04 03:09:57
SMC Global Securities Limited,smcg01,01-AUG-2024,19-JUL-2024,-,02-AUG-2024,-,Rs.1000,DEBT,SMCG01,,2026-09-04 03:09:57
Kataria Industries Limited,,19-JUL-2024,16-JUL-2024,96,,24-JUL-2024,Rs.91 to Rs.96,SME,KATARIA,Kataria Industries Limited,2026-09-04 03:09:57
Macobs Technologies Limited,,19-JUL-2024,16-JUL-2024,75,,24-JUL-2024,Rs.71 to Rs.75,SME,MACOBSTECH,Macobs Technologies Limited,2026-09-04 03:09:57
Tunwal E-Motors Limited,,18-JUL-2024,15-JUL-2024,59,,23-JUL-2024,Rs.59,SME,TUNWAL,Tunwal E-Motors Limited,2026-09-04 03:09:57
Prizor Viztech Limited,,16-JUL-2024,12-JUL-2024,87,,22-JUL-2024,Rs.82 to Rs.87,SME,PRIZOR,Prizor Viztech Limited,2026-09-04 03:09:57
Sati Poly Plast Limited,,16-JUL-2024,12-JUL-2024,130,,22-JUL-2024,Rs.123 to Rs.130,SME,SATIPOLY,Sati Poly Plast Limited,2026-09-04 03:09:57
Sahaj Solar Limited,,15-JUL-2024,11-JUL-2024,180,,19-JUL-2024,Rs.171 to Rs.180,SME,SAHAJSOLAR,Sahaj Solar Limited,2026-09-04 03:09:57
Effwa Infra & Research Limited,,09-JUL-2024,05-JUL-2024,82,,12-JUL-2024,Rs.78 to Rs.82,SME,EFFWA,Effwa Infra & Research Limited,2026-09-04 03:09:57
Ganesh Green Bharat Limited,,09-JUL-2024,05-JUL-2024,190,,12-JUL-2024,Rs.181 to Rs.190,SME,GGBL,Ganesh Green Bharat Limited,2026-09-04 03:09:57
Ambey Laboratories Limited,,08-JUL-2024,04-JUL-2024,68,,11-JUL-2024,Rs.65 to Rs.68,SME,AMBEY,Ambey Laboratories Limited,2026-09-04 03:09:57
Emcure Pharmaceuticals Limited,emcure,05-JUL-2024,03-JUL-2024,  1008,06-JUL-2024,10-JUL-2024,Rs.960 to Rs.1008,EQ,EMCURE,,2026-09-04 03:09:57
Bansal Wire Industries Limited,bansalwire,05-JUL-2024,03-JUL-2024,   256,06-JUL-2024,10-JUL-2024,Rs.243 to Rs.256,EQ,BANSALWIRE,,2026-09-04 03:09:57
Nephro Care India Limited,,02-JUL-2024,28-JUN-2024,90,,05-JUL-2024,Rs.85 to Rs.90,SME,NEPHROCARE,Nephro Care India Limited,2026-09-04 03:09:57
Vraj Iron and Steel Limited,vraj,28-JUN-2024,26-JUN-2024,   207,30-JUN-2024,03-JUL-2024,Rs.195 to Rs.207,BE,VRAJ,,2026-09-04 03:09:57
Diensten Tech Limited,,28-JUN-2024,26-JUN-2024,100,,03-JUL-2024,Rs.95 to Rs.100,SME,DTL,Diensten Tech Limited,2026-09-04 03:09:57
Allied Blenders and Distillers Limited,abdl,27-JUN-2024,25-JUN-2024,   281,30-JUN-2024,02-JUL-2024,Rs.267 to Rs.281,EQ,ABDL,,2026-09-04 03:09:57
Petro Carbon and Chemicals Limited,,27-JUN-2024,25-JUN-2024,171,,02-JUL-2024,Rs.162 to Rs.171,SME,PCCL,Petro Carbon and Chemicals Limited,2026-09-04 03:09:57
Divine Power Energy Limited,,27-JUN-2024,25-JUN-2024,40,,02-JUL-2024,Rs.36 to Rs.40,SME,DPEL,Divine Power Energy Limited,2026-09-04 03:09:57
Akiko Global Services Limited,,27-JUN-2024,25-JUN-2024,77,,02-JUL-2024,Rs.73 to Rs.77,SME,AKIKO,Akiko Global Services Limited,2026-09-04 03:09:57
Sylvan Plyboard (India) Limited,,26-JUN-2024,24-JUN-2024,55,,01-JUL-2024,Rs.55,SME,SYLVANPLY,Sylvan Plyboard (India) Limited,2026-09-04 03:09:57
Shivalic Power Control Limited,,26-JUN-2024,24-JUN-2024,100,,01-JUL-2024,Rs.95 to Rs.100,SME,SPCL,Shivalic Power Control Limited,2026-09-04 03:09:57
Visaman Global Sales Limited,,26-JUN-2024,24-JUN-2024,43,,01-JUL-2024,Rs.43,SME,VISAMAN,Visaman Global Sales Limited,2026-09-04 03:09:57
Mason Infratech Limited,,26-JUN-2024,24-JUN-2024,64,,01-JUL-2024,Rs.62 to Rs.64,SME,MASON,Mason Infratech Limited,2026-09-04 03:09:57
Stanley Lifestyles Limited,stanley,25-JUN-2024,21-JUN-2024,   369,27-JUN-2024,28-JUN-2024,Rs.351 to Rs.369,EQ,STANLEY,,2026-09-04 03:09:57
Medicamen Organics Limited,,25-JUN-2024,21-JUN-2024,34,,28-JUN-2024,Rs.32 to Rs.34,SME,MEDIORG,Medicamen Organics Limited,2026-09-04 03:09:57
Winny Immigration and Education Services Limited,,24-JUN-2024,20-JUN-2024,140,,27-JUN-2024,Rs.140,SME,WINNY,Winny Immigration and Education Services Limited,2026-09-04 03:09:57
DEE Development Engineers Limited,deedev,21-JUN-2024,19-JUN-2024,   203,24-JUN-2024,26-JUN-2024,Rs.193 to Rs.203,EQ,DEEDEV,,2026-09-04 03:09:57
Akme Fintrade (India) Limited,afil,21-JUN-2024,19-JUN-2024, 10000,24-JUN-2024,17-JUL-2026,Rs.114 to Rs.120,N0,115AFIL28A,,2026-09-04 03:09:57
Durlax Top Surface Limited,,21-JUN-2024,19-JUN-2024,68,,26-JUN-2024,Rs.65 to Rs.68,SME,DURLAX,Durlax Top Surface Limited,2026-09-04 03:09:57
Falcon Technoprojects India Limited,,21-JUN-2024,19-JUN-2024,92,,26-JUN-2024,Rs.92,SME,FALCONTECH,Falcon Technoprojects India Limited,2026-09-04 03:09:57
Gp Eco Solutions India Limited,,19-JUN-2024,14-JUN-2024,94,,24-JUN-2024,Rs.90 to Rs.94,SME,GPECO,Gp Eco Solutions India Limited,2026-09-04 03:09:57
Le Travenues Technology Limited,ixigo,12-JUN-2024,10-JUN-2024,    93,14-JUN-2024,18-JUN-2024,Rs.88 to Rs.93,EQ,IXIGO,,2026-09-04 03:09:57
Kronox Lab SciencesLimited,kronox,05-JUN-2024,03-JUN-2024,   136,07-JUN-2024,10-JUN-2024,Rs.129 to Rs.136,EQ,KRONOX,,2026-09-04 03:09:57
IIFL Samasta Finance limited,isfl02,14-JUN-2024,03-JUN-2024, 10000,19-JUN-2024,03-JUL-2026,Rs.1000,N0,920ISF28,,2026-09-04 03:09:57
TBI Corn Limited,,04-JUN-2024,31-MAY-2024,94,,07-JUN-2024,Rs.90 to Rs.94,SME,TBI,TBI Corn Limited,2026-09-04 03:09:57
Aimtron Electronics Limited,,03-JUN-2024,30-MAY-2024,161,,06-JUN-2024,Rs.153 to Rs.161,SME,AIMTRON,Aimtron Electronics Limited,2026-09-04 03:09:57
Z-Tech (India) Limited,,31-MAY-2024,29-MAY-2024,110,,05-JUN-2024,Rs.104 to Rs.110,SME,ZTECH,Z-Tech (India) Limited,2026-09-04 03:09:57
Beacon Trusteeship Limited,,30-MAY-2024,28-MAY-2024,60,,04-JUN-2024,Rs.57 to Rs.60,SME,BEACON,Beacon Trusteeship Limited,2026-09-04 03:09:57
Vilas Transcore Limited,,29-MAY-2024,27-MAY-2024,147,,03-JUN-2024,Rs.139 to Rs.147,SME,VILAS,Vilas Transcore Limited,2026-09-04 03:09:57
GSM Foils Limited,,28-MAY-2024,24-MAY-2024,32,,31-MAY-2024,Rs.32,SME,GSMFOILS,GSM Foils Limited,2026-09-04 03:09:57
Awfis Space Solutions Limited,awfis,27-MAY-2024,22-MAY-2024,   383,29-MAY-2024,30-MAY-2024,Rs.364 to Rs.383,EQ,AWFIS,,2026-09-04 03:09:57
Rulka Electricals Limited,,21-MAY-2024,16-MAY-2024,235,,24-MAY-2024,Rs.223 to Rs.235,SME,RULKA,Rulka Electricals Limited,2026-09-04 03:09:57
HOAC Foods India Limited,,21-MAY-2024,16-MAY-2024,48,,24-MAY-2024,Rs.48,SME,HOACFOODS,HOAC Foods India Limited,2026-09-04 03:09:57
Go Digit General Insurance Limited,godigit,17-MAY-2024,15-MAY-2024,   272,20-MAY-2024,23-MAY-2024,Rs.258 to Rs.272,EQ,GODIGIT,,2026-09-04 03:09:57
Quest Laboratories Limited,,17-MAY-2024,15-MAY-2024,97,,23-MAY-2024,Rs.93 to Rs.97,SME,QUESTLAB,Quest Laboratories Limited,2026-09-04 03:09:57
Indiabulls Housing Finance Limited,ihfl13,27-MAY-2024,13-MAY-2024,-,29-MAY-2024,-,Rs.1000,DEBT,IHFL13,,2026-09-04 03:09:57
Indian Emulsifiers Limited,,16-MAY-2024,13-MAY-2024,132,,22-MAY-2024,Rs.125 to Rs.132,SME,IEML,Indian Emulsifiers Limited,2026-09-04 03:09:57
Mandeep Auto Industries Limited,,15-MAY-2024,13-MAY-2024,67,,21-MAY-2024,Rs.67,SME,MANDEEP,Mandeep Auto Industries Limited,2026-09-04 03:09:57
Veritaas Advertising Limited,,15-MAY-2024,13-MAY-2024,114,,21-MAY-2024,Rs.109 to Rs.114,SME,VERITAAS,Veritaas Advertising Limited,2026-09-04 03:09:57
Premier Roadlines Limited,,14-MAY-2024,10-MAY-2024,67,,17-MAY-2024,Rs.63 to Rs.67,SME,PRLIND,Premier Roadlines Limited,2026-09-04 03:09:57
ABS Marine Services Limited,,15-MAY-2024,10-MAY-2024,147,,21-MAY-2024,Rs.140 to Rs.147,SME,ABSMARINE,ABS Marine Services Limited,2026-09-04 03:09:57
Energy-Mission Machineries (India) Limited,,13-MAY-2024,09-MAY-2024,60,,16-MAY-2024,Rs.131 to Rs.138,SME,EMMIL,Energy-Mission Machineries (India) Limited,2026-09-04 03:09:57
TBO Tek Limited,tbotek,10-MAY-2024,08-MAY-2024,   920,12-MAY-2024,15-MAY-2024,Rs.875 to Rs.920,EQ,TBOTEK,,2026-09-04 03:09:57
Aadhar Housing Finance Limited,aadharhfc,10-MAY-2024,08-MAY-2024,   315,12-MAY-2024,15-MAY-2024,Rs.300 to Rs.315,EQ,AADHARHFC,,2026-09-04 03:09:57
Silkflex Polymers (India) Limited,,10-MAY-2024,07-MAY-2024,52,,15-MAY-2024,Rs.52,SME,SILKFLEX,Silkflex Polymers (India) Limited,2026-09-04 03:09:57
Indegene Limited,indgn,08-MAY-2024,06-MAY-2024,   452,10-MAY-2024,13-MAY-2024,Rs.430 to Rs.452,EQ,INDGN,,2026-09-04 03:09:57
Winsol Engineers Limited,,09-MAY-2024,06-MAY-2024,75,,14-MAY-2024,Rs.71 to Rs.75,SME,WINSOL,Winsol Engineers Limited,2026-09-04 03:09:57
Refractory Shapes Limited,,09-MAY-2024,06-MAY-2024,31,,14-MAY-2024,Rs.27 to Rs.31,SME,REFRACTORY,Refractory Shapes Limited,2026-09-04 03:09:57
Slone Infosystems Limited,,07-MAY-2024,03-MAY-2024,79,,10-MAY-2024,Rs.79,SME,SLONE,Slone Infosystems Limited,2026-09-04 03:09:57
JNK India Limited,jnkindia,25-APR-2024,23-APR-2024,   415,29-APR-2024,30-APR-2024,Rs.395 to Rs.415,EQ,JNKINDIA,,2026-09-04 03:09:57
Motilal Oswal Financial Services Limited,mofsl1,03-MAY-2024,23-APR-2024,######,06-MAY-2024,17-DEC-2025,Rs.1000,N0,815MOFS28,,2026-09-04 03:09:57
Vodafone Idea Limited - FPO,ideafpo,22-APR-2024,18-APR-2024,-,23-APR-2024,25-APR-2024,Rs.10 to Rs.11,EQ,IDEAFPO,,2026-09-04 03:09:57
Grill Splendour Services Limited,,18-APR-2024,15-APR-2024,120,,23-APR-2024,Rs.120,SME,BIRDYS,Grill Splendour Services Limited,2026-09-04 03:09:57
Ramdevbaba Solvent Limited,,18-APR-2024,15-APR-2024,85,,23-APR-2024,Rs.80 to Rs.85,SME,RBS,Ramdevbaba Solvent Limited,2026-09-04 03:09:57
Teerth Gopicon Limited,,10-APR-2024,08-APR-2024,111,,16-APR-2024,Rs.111,SME,TGL,Teerth Gopicon Limited,2026-09-04 03:09:57
DCG Cables & Wires Limited,,10-APR-2024,08-APR-2024,100,,16-APR-2024,Rs.100,SME,DCG,DCG Cables & Wires Limited,2026-09-04 03:09:57
Bharti Hexacom Limited,bhartihexa,05-APR-2024,03-APR-2024,   570,07-APR-2024,12-APR-2024,Rs.542 to Rs.570,EQ,BHARTIHEXA,,2026-09-04 03:09:57
K2 Infragen Limited,,03-APR-2024,28-MAR-2024,119,,08-APR-2024,Rs.111 to Rs.119,SME,K2INFRA,K2 Infragen Limited,2026-09-04 03:09:57
Creative Graphics Solutions India Limited,,04-APR-2024,28-MAR-2024,85,,09-APR-2024,Rs.80 to Rs.85,SME,CGRAPHICS,Creative Graphics Solutions India Limited,2026-09-04 03:09:57
Aluwind Architectural Limited,,04-APR-2024,28-MAR-2024,45,,09-APR-2024,Rs.45,SME,ALUWIND,Aluwind Architectural Limited,2026-09-04 03:09:57
Yash Optics and Lens Limited,,03-APR-2024,27-MAR-2024,81,,08-APR-2024,Rs.75 to Rs.81,SME,YASHOPTICS,Yash Optics and Lens Limited,2026-09-04 03:09:57
TAC Infosec Limited,,02-APR-2024,27-MAR-2024,106,,05-APR-2024,Rs.100 to Rs.106,SME,TAC,TAC Infosec Limited,2026-09-04 03:09:57
Radiowalla Network Limited,,02-APR-2024,27-MAR-2024,76,,05-APR-2024,Rs.72 to Rs.76,SME,RADIOWALLA,Radiowalla Network Limited,2026-09-04 03:09:57
SRM Contractors Limited,srm,28-MAR-2024,26-MAR-2024,   210,29-MAR-2024,03-APR-2024,Rs.200 to Rs.210,BE,SRM,,2026-09-04 03:09:57
Aspire and Innovative Advertising Limited,,28-MAR-2024,26-MAR-2024,54,,03-APR-2024,Rs.51 to Rs.54,SME,ASPIRE,Aspire and Innovative Advertising Limited,2026-09-04 03:09:57
Trust Fintech Limited,,28-MAR-2024,26-MAR-2024,101,,04-APR-2024,Rs.95 to Rs.101,SME,TRUST,Trust Fintech Limited,2026-09-04 03:09:57
Blue Pebble Limited,,28-MAR-2024,26-MAR-2024,168,,03-APR-2024,Rs.159 to Rs.168,SME,BLUEPEBBLE,Blue Pebble Limited,2026-09-04 03:09:57
Naman In-Store (India) Limited,,27-MAR-2024,22-MAR-2024,89,,02-APR-2024,Rs.84 to Rs.89,SME,NAMAN,Naman In-Store (India) Limited,2026-09-04 03:09:57
Vishwas Agri Seeds Limited,,26-MAR-2024,21-MAR-2024,86,,01-APR-2024,Rs.86,SME,VISHWAS,Vishwas Agri Seeds Limited,2026-09-04 03:09:57
Omfurn India Limited - FPO,,22-MAR-2024,20-MAR-2024,75,,28-MAR-2024,Rs.71 to Rs.75,SME,OMFURNFPO,Omfurn India Limited - FPO,2026-09-04 03:09:57
Enfuse Solutions Limited,,19-MAR-2024,15-MAR-2024,96,,22-MAR-2024,Rs.91 to Rs.96,SME,ENFUSE,Enfuse Solutions Limited,2026-09-04 03:09:57
Enser Communications Limited,,19-MAR-2024,15-MAR-2024,70,,22-MAR-2024,Rs.70,SME,ENSER,Enser Communications Limited,2026-09-04 03:09:57
Krystal Integrated Services Limited,krystal,18-MAR-2024,14-MAR-2024,   715,20-MAR-2024,21-MAR-2024,Rs.680 to Rs.715,EQ,KRYSTAL,,2026-09-04 03:09:57
AVP Infracon Limited,,15-MAR-2024,13-MAR-2024,10000,,02-SEP-2026,Rs.71 to Rs.75,SME,12AIL28,AVP Infracon Limited,2026-09-04 03:09:57
Popular Vehicles and Services Limited,pvsl,14-MAR-2024,12-MAR-2024,   295,16-MAR-2024,19-MAR-2024,Rs.280 to Rs.295,EQ,PVSL,,2026-09-04 03:09:57
Signoria Creation Limited,,14-MAR-2024,12-MAR-2024,65,,19-MAR-2024,Rs.61 to Rs.65,SME,SIGNORIA,Signoria Creation Limited,2026-09-04 03:09:57
Pratham EPC Projects Limited,,13-MAR-2024,11-MAR-2024,75,,18-MAR-2024,Rs.71 to Rs.75,SME,PRATHAM,Pratham EPC Projects Limited,2026-09-04 03:09:57
Gopal Snacks Limited,gopalsnack,11-MAR-2024,06-MAR-2024,   401,13-MAR-2024,14-MAR-2024,Rs.381 to Rs.401,EQ,GOPAL,,2026-09-04 03:09:57
Shree Karni Fabcom Limited,,11-MAR-2024,06-MAR-2024,227,,14-MAR-2024,Rs.220 to Rs.227,SME,SHREEKARNI,Shree Karni Fabcom Limited,2026-09-04 03:09:57
J G Chemicals Limited,jgchem,07-MAR-2024,05-MAR-2024,   221,09-MAR-2024,13-MAR-2024,Rs.210 to Rs.221,EQ,JGCHEM,,2026-09-04 03:09:57
Indiabulls Housing Finance Limited,ihfl12,19-MAR-2024,05-MAR-2024,######,21-MAR-2024,09-APR-2024,Rs.1000,Z9,IBULHSG,,2026-09-04 03:09:57
Sona Machinery Limited,,07-MAR-2024,05-MAR-2024,143,,13-MAR-2024,Rs.136 to Rs.143,SME,SONAMAC,Sona Machinery Limited,2026-09-04 03:09:57
R K Swamy Limited,rkswamy,06-MAR-2024,04-MAR-2024,   288,08-MAR-2024,12-MAR-2024,Rs.270 to Rs.288,EQ,RKSWAMY,,2026-09-04 03:09:57
V R Infraspace Limited,,06-MAR-2024,04-MAR-2024,85,,12-MAR-2024,Rs.85,SME,VR,V R Infraspace Limited,2026-09-04 03:09:57
Mukka Proteins Limited,mukka,04-MAR-2024,29-FEB-2024,    28,06-MAR-2024,07-MAR-2024,Rs.26 to Rs.28,BE,MUKKA,,2026-09-04 03:09:57
M.V.K. Agro food product limited,,04-MAR-2024,29-FEB-2024,120,,07-MAR-2024,Rs.120,SME,MVKAGRO,M.V.K. Agro food product limited,2026-09-04 03:09:57
Bharat Highways InvIT,bhinvit,01-MAR-2024,28-FEB-2024,   100,05-MAR-2024,12-MAR-2024,Rs.98 to Rs.100,IV,BHINVIT,,2026-09-04 03:09:57
Exicom Telesystems Limited,exicom,29-FEB-2024,27-FEB-2024,   142,02-MAR-2024,05-MAR-2024,Rs.135 to Rs.142,EQ,EXICOM,,2026-09-04 03:09:57
Platinum Industries Limited,platinum,29-FEB-2024,27-FEB-2024,   171,02-MAR-2024,05-MAR-2024,Rs.162 to Rs.171,BE,PLATIND,,2026-09-04 03:09:57
Purv Flexipack Limited,,29-FEB-2024,27-FEB-2024,71,,05-MAR-2024,Rs.70 to Rs.71,SME,PURVFLEXI,Purv Flexipack Limited,2026-09-04 03:09:57
Navi Finserv Limited,nflncd3,07-MAR-2024,26-FEB-2024,  1000,09-MAR-2024,18-MAR-2024,Rs.1000,ND,NAVIFIN,,2026-09-04 03:09:57
Owais Metal and Mineral Processing Limited,,28-FEB-2024,26-FEB-2024,87,,04-MAR-2024,Rs.83 to Rs.87,SME,OWAIS,Owais Metal and Mineral Processing Limited,2026-09-04 03:09:57
Sadhav Shipping Limited,,27-FEB-2024,23-FEB-2024,95,,01-MAR-2024,Rs.95,SME,SADHAV,Sadhav Shipping Limited,2026-09-04 03:09:57
GPT Healthcare Limited,gpthealth,26-FEB-2024,22-FEB-2024,   186,28-FEB-2024,29-FEB-2024,Rs.177 to Rs.186,EQ,GPTHEALTH,,2026-09-04 03:09:57
Juniper Hotels Limited,juniper,23-FEB-2024,21-FEB-2024,   360,25-FEB-2024,28-FEB-2024,Rs.342 to Rs.360,EQ,JUNIPER,,2026-09-04 03:09:57
Deem Roll-Tech Limited,,22-FEB-2024,20-FEB-2024,129,,27-FEB-2024,Rs.129,SME,DEEM,Deem Roll-Tech Limited,2026-09-04 03:09:57
Zenith Drugs Limited,,22-FEB-2024,19-FEB-2024,79,,27-FEB-2024,Rs.75 to Rs.79,SME,ZENITHDRUG,Zenith Drugs Limited,2026-09-04 03:09:57
Esconet Technologies Limited,,20-FEB-2024,16-FEB-2024,84,,23-FEB-2024,Rs.80 to Rs.84,SME,ESCONET,Esconet Technologies Limited,2026-09-04 03:09:57
Thaai Casting Limited,,20-FEB-2024,15-FEB-2024,77,,23-FEB-2024,Rs.73 to Rs.77,SME,TCL,Thaai Casting Limited,2026-09-04 03:09:57
Atmastco Limited,,20-FEB-2024,15-FEB-2024,77,,23-FEB-2024,Rs.77,SME,ATMASTCO,Atmastco Limited,2026-09-04 03:09:57
Kalahridhaan Trendz Limited,,20-FEB-2024,15-FEB-2024,10,,23-FEB-2024,Rs.45,SME,KTL,Kalahridhaan Trendz Limited,2026-09-04 03:09:57
Interiors & More Limited,,20-FEB-2024,15-FEB-2024,227,,23-FEB-2024,Rs.216 to Rs.227,SME,INM,Interiors & More Limited,2026-09-04 03:09:57
Vibhor Steel Tubes Limited,vstl,15-FEB-2024,13-FEB-2024,   151,17-FEB-2024,20-FEB-2024,Rs.141 to Rs.151,BE,VSTL,,2026-09-04 03:09:57
Wise Travel India Limited,,14-FEB-2024,12-FEB-2024,147,,19-FEB-2024,Rs.140 to Rs.147,SME,WTICAB,Wise Travel India Limited,2026-09-04 03:09:57
Entero Healthcare Solutions Limited,entero,13-FEB-2024,09-FEB-2024,  1258,15-FEB-2024,16-FEB-2024,Rs.1195 to Rs.1258,EQ,ENTERO,,2026-09-04 03:09:57
UGRO Capital Limited,ugrod4,21-FEB-2024,08-FEB-2024,  1000,23-FEB-2024,28-APR-2025,Rs.1000,DEBT,UGROD4,,2026-09-04 03:09:57
Polysil Irrigation Systems Limited,,13-FEB-2024,08-FEB-2024,54,,16-FEB-2024,Rs.54,SME,POLYSIL,Polysil Irrigation Systems Limited,2026-09-04 03:09:57
Alpex Solar Limited,,12-FEB-2024,08-FEB-2024,115,,15-FEB-2024,Rs.109 to Rs.115,SME,ALPEXSOLAR,Alpex Solar Limited,2026-09-04 03:09:57
Rashi Peripherals Limited,rptech,09-FEB-2024,07-FEB-2024,   311,11-FEB-2024,14-FEB-2024,Rs.295 to Rs.311,EQ,RPTECH,,2026-09-04 03:09:57
Jana Small Finance Bank Limited,jsfb,09-FEB-2024,07-FEB-2024,   414,11-FEB-2024,14-FEB-2024,Rs.393 to Rs.414,EQ,JSFB,,2026-09-04 03:09:57
Capital Small Finance Bank Limited,capitalsfb,09-FEB-2024,07-FEB-2024,   468,11-FEB-2024,14-FEB-2024,Rs.445 to Rs.468,EQ,CAPITALSFB,,2026-09-04 03:09:57
Apeejay Surrendra Park Hotels Limited,parkhotels,07-FEB-2024,05-FEB-2024,   155,09-FEB-2024,12-FEB-2024,Rs.147 to Rs.155,EQ,PARKHOTELS,,2026-09-04 03:09:57
Italian Edibles Limited,,07-FEB-2024,02-FEB-2024,68,,12-FEB-2024,Rs.68,SME,ITALIANE,Italian Edibles Limited,2026-09-04 03:09:57
BLS E- Services Limited,blse,01-FEB-2024,30-JAN-2024,   135,03-FEB-2024,06-FEB-2024,Rs.129 to Rs.135,EQ,BLSE,,2026-09-04 03:09:57
Megatherm Induction Limited,,31-JAN-2024,29-JAN-2024,108,,05-FEB-2024,Rs.100 to Rs.108,SME,MEGATHERM,Megatherm Induction Limited,2026-09-04 03:09:57
Baweja Studios Limited,,01-FEB-2024,29-JAN-2024,180,,06-FEB-2024,Rs.170 to Rs.180,SME,BAWEJA,Baweja Studios Limited,2026-09-04 03:09:57
Delaplex Limited,,30-JAN-2024,25-JAN-2024,192,,02-FEB-2024,Rs.186 to Rs.192,SME,DELAPLEX,Delaplex Limited,2026-09-04 03:09:57
Fonebox Retail Limited,,30-JAN-2024,25-JAN-2024,70,,02-FEB-2024,Rs.66 to Rs.70,SME,FONEBOX,Fonebox Retail Limited,2026-09-04 03:09:57
Docmode Health Technologies Limited,,30-JAN-2024,25-JAN-2024,79,,02-FEB-2024,Rs.79,SME,DHTL,Docmode Health Technologies Limited,2026-09-04 03:09:57
Nova Agritech Limited,novaagri,25-JAN-2024,23-JAN-2024,    41,27-JAN-2024,31-JAN-2024,Rs.39 to Rs.41,BE,NOVAAGRI,,2026-09-04 03:09:57
EPACK Durable Limited,epack,24-JAN-2024,19-JAN-2024,   230,25-JAN-2024,30-JAN-2024,Rs.218 to Rs.230,EQ,EPACK,,2026-09-04 03:09:57
Cholamandalam Investment and Finance Company Limited,cifcl04,25-JAN-2024,19-JAN-2024,######,30-JAN-2024,01-JUL-2026,Rs.1000,N0,888CIFCL33,,2026-09-04 03:09:57
Konstelec Engineers Limited,,24-JAN-2024,19-JAN-2024,70,,30-JAN-2024,Rs.66 to Rs.70,SME,KONSTELEC,Konstelec Engineers Limited,2026-09-04 03:09:57
Addictive Learning Technology Limited,,24-JAN-2024,19-JAN-2024,140,,30-JAN-2024,Rs.133 to Rs.140,SME,LAWSIKHO,Addictive Learning Technology Limited,2026-09-04 03:09:57
Medi Assist Healthcare Services Limited,mediassist,17-JAN-2024,15-JAN-2024,   418,19-JAN-2024,23-JAN-2024,Rs.397 to Rs.418,EQ,MEDIASSIST,,2026-09-04 03:09:57
Maxposure Limited,,17-JAN-2024,15-JAN-2024,33,,23-JAN-2024,Rs.31 to Rs.33,SME,MAXPOSURE,Maxposure Limited,2026-09-04 03:09:57
Australian Premium Solar (India) Limited,,15-JAN-2024,11-JAN-2024,54,,18-JAN-2024,Rs.51 to Rs.54,SME,APS,Australian Premium Solar (India) Limited,2026-09-04 03:09:57
Jyoti CNC Automation Limited,jyoticnc,11-JAN-2024,09-JAN-2024,   331,13-JAN-2024,16-JAN-2024,Rs.315 to Rs.331,EQ,JYOTICNC,,2026-09-04 03:09:57
IBL Finance Limited,,11-JAN-2024,09-JAN-2024,51,,16-JAN-2024,Rs.51,SME,IBLFL,IBL Finance Limited,2026-09-04 03:09:57
Kaushalya Logistics Limited,,03-JAN-2024,29-DEC-2023,75,,08-JAN-2024,Rs.71 to Rs.75,SME,KLL,Kaushalya Logistics Limited,2026-09-04 03:09:57
Kay Cee Energy & Infra Limited,,02-JAN-2024,28-DEC-2023,54,,05-JAN-2024,Rs.51 to Rs.54,SME,KCEIL,Kay Cee Energy & Infra Limited,2026-09-04 03:09:57
HRH Next Services Limited,,29-DEC-2023,27-DEC-2023,36,,03-JAN-2024,Rs.36,SME,HRHNEXT,HRH Next Services Limited,2026-09-04 03:09:57
Akanksha Power and Infrastructure Limited,,29-DEC-2023,27-DEC-2023,55,,03-JAN-2024,Rs.52 to Rs.55,SME,AKANKSHA,Akanksha Power and Infrastructure Limited,2026-09-04 03:09:57
Innova Captab Limited,innovacap,26-DEC-2023,21-DEC-2023,   448,28-DEC-2023,29-DEC-2023,Rs.426 to Rs.448,EQ,INNOVACAP,,2026-09-04 03:09:57
Supreme Power Equipment Limited,,26-DEC-2023,21-DEC-2023,65,,29-DEC-2023,Rs.61 to Rs.65,SME,SUPREMEPWR,Supreme Power Equipment Limited,2026-09-04 03:09:57
Indifra Limited,,26-DEC-2023,21-DEC-2023,65,,29-DEC-2023,Rs.65,SME,INDIFRA,Indifra Limited,2026-09-04 03:09:57
Sameera Agro and Infra Limited,,27-DEC-2023,21-DEC-2023,180,,01-JAN-2024,Rs.180,SME,SAIFL,Sameera Agro and Infra Limited,2026-09-04 03:09:57
Trident Techlabs Limited,,26-DEC-2023,21-DEC-2023,35,,29-DEC-2023,Rs.33 to Rs.35,SME,TECHLABS,Trident Techlabs Limited,2026-09-04 03:09:57
Azad Engineering Limited,azad,22-DEC-2023,20-DEC-2023,   524,24-DEC-2023,28-DEC-2023,Rs.499 to Rs.524,EQ,AZAD,,2026-09-04 03:09:57
RBZ Jewellers Limited,rbzjewel,21-DEC-2023,19-DEC-2023,   100,23-DEC-2023,27-DEC-2023,Rs.95 to Rs.100,BE,RBZJEWEL,,2026-09-04 03:09:57
Credo Brands Marketing Limited,mufti,21-DEC-2023,19-DEC-2023,   280,23-DEC-2023,27-DEC-2023,Rs.266 to Rs.280,EQ,MUFTI,,2026-09-04 03:09:57
Happy Forging Limited,happyforge,21-DEC-2023,19-DEC-2023,   850,23-DEC-2023,27-DEC-2023,Rs.808 to Rs.850,EQ,HAPPYFORGE,,2026-09-04 03:09:57
Electro Force (India) Limited,,21-DEC-2023,19-DEC-2023,93,,27-DEC-2023,Rs.93,SME,EFORCE,Electro Force (India) Limited,2026-09-04 03:09:57
Motisons Jewellers Limited,motisons,20-DEC-2023,18-DEC-2023,    55,22-DEC-2023,26-DEC-2023,Rs.52 to Rs.55,BE,MOTISONS,,2026-09-04 03:09:57
Suraj Estate Developers Limited,surajest,20-DEC-2023,18-DEC-2023,   360,22-DEC-2023,26-DEC-2023,Rs.340 to Rs.360,EQ,SURAJEST,,2026-09-04 03:09:57
Muthoot Microfin Limited,mml,20-DEC-2023,18-DEC-2023,   291,22-DEC-2023,26-DEC-2023,Rs.277 to Rs.291,EQ,MUTHOOTMF,,2026-09-04 03:09:57
INOX India Limited,inoxindia,18-DEC-2023,14-DEC-2023,   660,20-DEC-2023,21-DEC-2023,Rs.627 to Rs.660,EQ,INOXINDIA,,2026-09-04 03:09:57
Shree OSFM E-Mobility Limited,,18-DEC-2023,14-DEC-2023,65,,21-DEC-2023,Rs.65,SME,SHREEOSFM,Shree OSFM E-Mobility Limited,2026-09-04 03:09:57
India Shelter Finance Corporation Limited,indiashltr,15-DEC-2023,13-DEC-2023,   493,17-DEC-2023,20-DEC-2023,Rs.469 to Rs.493,EQ,INDIASHLTR,,2026-09-04 03:09:57
DOMS Industries Limited,doms,15-DEC-2023,13-DEC-2023,   790,17-DEC-2023,20-DEC-2023,Rs.750 to Rs.790,EQ,DOMS,,2026-09-04 03:09:57
S J Logistics (India) Limited,,14-DEC-2023,12-DEC-2023,125,,19-DEC-2023,Rs.121 to Rs.125,SME,SJLOGISTIC,S J Logistics (India) Limited,2026-09-04 03:09:57
Presstonic Engineering Limited,,13-DEC-2023,11-DEC-2023,72,,18-DEC-2023,Rs.72,SME,PRESSTONIC,Presstonic Engineering Limited,2026-09-04 03:09:57
Accent Microcell Limited,,12-DEC-2023,08-DEC-2023,140,,15-DEC-2023,Rs.133 to Rs.140,SME,ACCENTMIC,Accent Microcell Limited,2026-09-04 03:09:57
Indiabulls Housing Finance Limited,ihflxi,20-DEC-2023,07-DEC-2023,######,22-DEC-2023,09-APR-2024,Rs.1000,Z9,IBULHSG,,2026-09-04 03:09:57
IIFL Samasta Finance Limited,isfl01,15-DEC-2023,04-DEC-2023, 10000,19-DEC-2023,03-JUL-2026,Rs.1000,N0,920ISF28,,2026-09-04 03:09:57
Sheetal Universal Limited,,06-DEC-2023,04-DEC-2023,70,,11-DEC-2023,Rs.70,SME,SHEETAL,Sheetal Universal Limited,2026-09-04 03:09:57
Net Avenue Technologies Limited,,04-DEC-2023,30-NOV-2023,18,,08-DEC-2023,Rs.16 to Rs.18,SME,CBAZAAR,Net Avenue Technologies Limited,2026-09-04 03:09:57
Graphisads Limited,,05-DEC-2023,30-NOV-2023,111,,13-DEC-2023,Rs.111,SME,GRAPHISAD,Graphisads Limited,2026-09-04 03:09:57
Marinetrans India Limited,,05-DEC-2023,30-NOV-2023,26,,08-DEC-2023,Rs.26,SME,MARINETRAN,Marinetrans India Limited,2026-09-04 03:09:57
Cholamandalam Investment and Finance Company Limited,cifcl03,01-DEC-2023,28-NOV-2023,######,05-DEC-2023,01-JUL-2026,Rs.1000,N0,888CIFCL33,,2026-09-04 03:09:57
Fedbank Financial Services Limited,fedfina,24-NOV-2023,22-NOV-2023,   140,26-NOV-2023,30-NOV-2023,Rs.133 to Rs.140,EQ,FEDFINA,,2026-09-04 03:09:57
Gandhar Oil Refinery (India) Limited,gandhar,24-NOV-2023,22-NOV-2023,   169,26-NOV-2023,30-NOV-2023,Rs.160 to Rs.169,EQ,GANDHAR,,2026-09-04 03:09:57
Tata Technologies Limited,tatatech,24-NOV-2023,22-NOV-2023,   500,26-NOV-2023,30-NOV-2023,Rs.475 to Rs.500,EQ,TATATECH,,2026-09-04 03:09:57
Flair Writing Industries Limited,flair,24-NOV-2023,22-NOV-2023,   304,26-NOV-2023,01-DEC-2023,Rs.288 to Rs.304,EQ,FLAIR,,2026-09-04 03:09:57
Rockingdeals Circular Economy Limited,,24-NOV-2023,22-NOV-2023,80,,28-NOV-2025,Rs.136 to Rs.140,SME,ROCKPP,Rockingdeals Circular Economy Limited,2026-09-04 03:09:57
Indian Renewable Energy Development Agency Limited,ireda,23-NOV-2023,21-NOV-2023,######,25-NOV-2023,29-JUN-2026,Rs.30 to Rs.32,N0,734IREDA29,,2026-09-04 03:09:57
ASK Automotive Limited,askauto,09-NOV-2023,07-NOV-2023,   282,11-NOV-2023,15-NOV-2023,Rs.268 to Rs.282,EQ,ASKAUTOLTD,,2026-09-04 03:09:57
ROX Hi-Tech Limited,,09-NOV-2023,07-NOV-2023,83,,16-NOV-2023,Rs.80 to Rs.83,SME,ROXHITECH,ROX Hi-Tech Limited,2026-09-04 03:09:57
Sunrest Lifescience Limited,,09-NOV-2023,07-NOV-2023,84,,20-NOV-2023,Rs.84,SME,SUNREST,Sunrest Lifescience Limited,2026-09-04 03:09:57
Protean eGov Technologies Limited,protean,08-NOV-2023,06-NOV-2023,  1381,10-NOV-2023,06-FEB-2025,Rs.752 to Rs.792,EQ,PROTEAN,,2026-09-04 03:09:57
ESAF Small Finance Bank Limited,esafsfb,07-NOV-2023,03-NOV-2023,######,09-NOV-2023,30-JUN-2026,Rs.57 to Rs.60,N0,1165ESF32,,2026-09-04 03:09:57
Micropro Software Solutions Limited,,07-NOV-2023,03-NOV-2023,81,,10-NOV-2023,Rs.81,SME,MICROPRO,Micropro Software Solutions Limited,2026-09-04 03:09:57
Baba Food Processing (India) Limited,,07-NOV-2023,03-NOV-2023,76,,15-NOV-2023,Rs.72 to Rs.76,SME,BABAFP,Baba Food Processing (India) Limited,2026-09-04 03:09:57
SAR Televenture Limited,,03-NOV-2023,01-NOV-2023,55,,08-NOV-2023,Rs.52 to Rs.57,SME,SARTELE,SAR Televenture Limited,2026-09-04 03:09:57
Honasa Consumer Limited,honasa,02-NOV-2023,31-OCT-2023,   324,04-NOV-2023,07-NOV-2023,Rs.308 to Rs.324,EQ,HONASA,,2026-09-04 03:09:57
Cello World Limited,cello,01-NOV-2023,30-OCT-2023,   648,03-NOV-2023,06-NOV-2023,Rs.617 to Rs.648,EQ,CELLO,,2026-09-04 03:09:57
Transteel Seating Technologies Limited,,01-NOV-2023,30-OCT-2023,70,,06-NOV-2023,Rs.67 to Rs.70,SME,TRANSTEEL,Transteel Seating Technologies Limited,2026-09-04 03:09:57
Maitreya Medicare Limited,,01-NOV-2023,27-OCT-2023,82,,07-NOV-2023,Rs.78 to Rs.82,SME,MAITREYA,Maitreya Medicare Limited,2026-09-04 03:09:57
Shanthala FMCG Products Limited,,31-OCT-2023,27-OCT-2023,91,,03-NOV-2023,Rs.91,SME,SHANTHALA,Shanthala FMCG Products Limited,2026-09-04 03:09:57
Paragon Fine and Speciality Chemical Limited,,30-OCT-2023,26-OCT-2023,100,,03-NOV-2023,Rs.95 to Rs.100,SME,PARAGON,Paragon Fine and Speciality Chemical Limited,2026-09-04 03:09:57
Blue Jet Healthcare Limited,bluejet,27-OCT-2023,25-OCT-2023,   346,28-OCT-2023,01-NOV-2023,Rs.329 to Rs.346,EQ,BLUEJET,,2026-09-04 03:09:57
On Door Concepts Limited,,27-OCT-2023,23-OCT-2023,208,,01-NOV-2023,Rs.208,SME,ONDOOR,On Door Concepts Limited,2026-09-04 03:09:57
Indiabulls Housing Finance Limited,ibhflx,03-NOV-2023,20-OCT-2023,######,06-NOV-2023,09-APR-2024,Rs.1000,Z9,IBULHSG,,2026-09-04 03:09:57
Piramal Enterprises Limited,pelncd1,30-OCT-2023,19-OCT-2023,######,01-NOV-2023,12-MAY-2025,Rs.1000,N0,919PEL28,,2026-09-04 03:09:57
IRM ENERGY LIMITED,irmenergy,20-OCT-2023,18-OCT-2023,   505,21-OCT-2023,26-OCT-2023,Rs.480 to Rs.505,EQ,IRMENERGY,,2026-09-04 03:09:57
Rajgor Castor Derivatives Limited,,20-OCT-2023,17-OCT-2023,50,,31-OCT-2023,Rs.47 to Rs.50,SME,RCDL,Rajgor Castor Derivatives Limited,2026-09-04 03:09:57
Womancart Limited,,18-OCT-2023,16-OCT-2023,86,,27-OCT-2023,Rs.86,SME,WOMANCART,Womancart Limited,2026-09-04 03:09:57
Arvind and Company Shipping Agencies Limited,,16-OCT-2023,12-OCT-2023,45,,25-OCT-2023,Rs.45,SME,ACSAL,Arvind and Company Shipping Agencies Limited,2026-09-04 03:09:57
Committed Cargo Care Limited,,10-OCT-2023,06-OCT-2023,77,,18-OCT-2023,Rs.77,SME,COMMITTED,Committed Cargo Care Limited,2026-09-04 03:09:57
Plaza Wires Limited,pwl,05-OCT-2023,29-SEP-2023,    54,07-OCT-2023,12-OCT-2023,Rs.51 to Rs.54,BE,PLAZACABLE,,2026-09-04 03:09:57
Karnika Industries Limited,,05-OCT-2023,29-SEP-2023,76,,12-OCT-2023,Rs.76,SME,KARNIKA,Karnika Industries Limited,2026-09-04 03:09:57
Sharp Chucks and Machines Limited,,05-OCT-2023,29-SEP-2023,58,,12-OCT-2023,Rs.58,SME,SCML,Sharp Chucks and Machines Limited,2026-09-04 03:09:57
Plada Infotech Services Limited,,05-OCT-2023,29-SEP-2023,48,,13-OCT-2023,Rs.48,SME,PLADAINFO,Plada Infotech Services Limited,2026-09-04 03:09:57
Vishnusurya Projects and Infra Limited,,05-OCT-2023,29-SEP-2023,68,,10-OCT-2023,Rs.68,SME,VISHNUINFR,Vishnusurya Projects and Infra Limited,2026-09-04 03:09:57
Valiant Laboratories Limited,valiantlab,03-OCT-2023,27-SEP-2023,   140,05-OCT-2023,06-OCT-2023,Rs.133 to Rs.140,BE,VALIANTLAB,,2026-09-04 03:09:57
Aditya Birla Finance Limited,abfl001,03-OCT-2023,27-SEP-2023,######,05-OCT-2023,24-APR-2024,Rs.1000,NF,ABFL,,2026-09-04 03:09:57
Oneclick Logistics India Limited,,03-OCT-2023,27-SEP-2023,99,,11-OCT-2023,Rs.99,SME,OLIL,Oneclick Logistics India Limited,2026-09-04 03:09:57
Kontor Space Limited,,03-OCT-2023,27-SEP-2023,93,,10-OCT-2023,Rs.93,SME,KONTOR,Kontor Space Limited,2026-09-04 03:09:57
Canarys Automations Limited,,03-OCT-2023,27-SEP-2023,31,,11-OCT-2023,Rs.29 to Rs.31,SME,CANARYS,Canarys Automations Limited,2026-09-04 03:09:57
Vinyas Innovative Technologies Limited,,03-OCT-2023,27-SEP-2023,165,,06-OCT-2023,Rs.162 to Rs.165,SME,VINYAS,Vinyas Innovative Technologies Limited,2026-09-04 03:09:57
E Factor Experiences Limited,,03-OCT-2023,27-SEP-2023,75,,09-OCT-2023,Rs.71 to Rs.75,SME,EFACTOR,E Factor Experiences Limited,2026-09-04 03:09:57
Goyal Salt Limited,,03-OCT-2023,26-SEP-2023,38,,11-OCT-2023,Rs.36 to Rs.38,SME,GOYALSALT,Goyal Salt Limited,2026-09-04 03:09:57
Updater Services Limited,uds,27-SEP-2023,25-SEP-2023,   300,29-SEP-2023,04-OCT-2023,Rs.280 to Rs.300,EQ,UDS,,2026-09-04 03:09:57
JSW Infrastructure Limited,jswinfra,27-SEP-2023,25-SEP-2023,   119,29-SEP-2023,03-OCT-2023,Rs.113 to Rs.119,EQ,JSWINFRA,,2026-09-04 03:09:57
Arabian Petroleum Limited,,27-SEP-2023,25-SEP-2023,70,,09-OCT-2023,Rs.70,SME,ARABIAN,Arabian Petroleum Limited,2026-09-04 03:09:57
Inspire Films Limited,,27-SEP-2023,25-SEP-2023,59,,05-OCT-2023,Rs.56 to Rs.59,SME,INSPIRE,Inspire Films Limited,2026-09-04 03:09:57
Newjaisa Technologies Limited,,27-SEP-2023,25-SEP-2023,47,,05-OCT-2023,Rs.44 to Rs.47,SME,NEWJAISA,Newjaisa Technologies Limited,2026-09-04 03:09:57
Digikore Studios Limited,,27-SEP-2023,25-SEP-2023,171,,04-OCT-2023,Rs.168 to Rs.171,SME,DIGIKORE,Digikore Studios Limited,2026-09-04 03:09:57
Saakshi Medtech and Panels Limited,,27-SEP-2023,25-SEP-2023,97,,03-OCT-2023,Rs.92 to Rs.97,SME,SAAKSHI,Saakshi Medtech and Panels Limited,2026-09-04 03:09:57
Manoj Vaibhav Gems N Jewellers Limited,mvgjl,26-SEP-2023,22-SEP-2023,   215,28-SEP-2023,03-OCT-2023,Rs.204 to Rs.215,EQ,MVGJL,,2026-09-04 03:09:57
Marco Cables and Conductors Limited,,25-SEP-2023,21-SEP-2023,-,,28-SEP-2023,Rs.36,SME,MARCO,Marco Cables and Conductors Limited,2026-09-04 03:09:57
HI-Green Carbon Limited,,25-SEP-2023,21-SEP-2023,75,,28-SEP-2023,Rs.71 to Rs.75,SME,HIGREEN,HI-Green Carbon Limited,2026-09-04 03:09:57
Mangalam Alloys Limited,,25-SEP-2023,21-SEP-2023,80,,04-OCT-2023,Rs.80,SME,MAL,Mangalam Alloys Limited,2026-09-04 03:09:57
Sai Silks (Kalamandir) Limited,kalamandir,22-SEP-2023,20-SEP-2023,   222,24-SEP-2023,27-SEP-2023,Rs.210 to Rs.222,EQ,KALAMANDIR,,2026-09-04 03:09:57
Signatureglobal (India) Limited,signature,22-SEP-2023,20-SEP-2023,   385,24-SEP-2023,27-SEP-2023,Rs.366 to Rs.385,EQ,SIGNATURE,,2026-09-04 03:09:57
Master Components Limited,,21-SEP-2023,18-SEP-2023,140,,29-SEP-2023,Rs.140,SME,MASTER,Master Components Limited,2026-09-04 03:09:57
Madhusudan Masala Limited,,21-SEP-2023,18-SEP-2023,70,,26-SEP-2023,Rs.66 to Rs.70,SME,MADHUSUDAN,Madhusudan Masala Limited,2026-09-04 03:09:57
Yatra Online Limited,yatra,20-SEP-2023,15-SEP-2023,   142,22-SEP-2023,28-SEP-2023,Rs.135 to Rs.142,EQ,YATRA,,2026-09-04 03:09:57
Holmarc Opto-Mechatronics Limited,,20-SEP-2023,15-SEP-2023,40,,25-SEP-2023,Rs.40,SME,HOLMARC,Holmarc Opto-Mechatronics Limited,2026-09-04 03:09:57
Kody Technolab Limited,,20-SEP-2023,15-SEP-2023,160,,27-SEP-2023,Rs.160,SME,KODYTECH,Kody Technolab Limited,2026-09-04 03:09:57
Cellecor Gadgets Limited,,20-SEP-2023,15-SEP-2023,92,,28-SEP-2023,Rs.87 to Rs.92,SME,CELLECOR,Cellecor Gadgets Limited,2026-09-04 03:09:57
SAMHI Hotels Limited,samhi,18-SEP-2023,14-SEP-2023,   126,20-SEP-2023,22-SEP-2023,Rs.119 to Rs.126,EQ,SAMHI,,2026-09-04 03:09:57
Zaggle Prepaid Ocean Services Limited,zaggle,18-SEP-2023,14-SEP-2023,   164,20-SEP-2023,22-SEP-2023,Rs.156 to Rs.164,EQ,ZAGGLE,,2026-09-04 03:09:57
R R Kabel Limited,rrkabel,15-SEP-2023,13-SEP-2023,  1035,17-SEP-2023,20-SEP-2023,Rs.983 to Rs.1035,EQ,RRKABEL,,2026-09-04 03:09:57
Chavda Infra Limited,,14-SEP-2023,12-SEP-2023,65,,25-SEP-2023,Rs.60 to Rs.65,SME,CHAVDA,Chavda Infra Limited,2026-09-04 03:09:57
Kundan Edifice Limited,,15-SEP-2023,12-SEP-2023,91,,26-SEP-2023,Rs.91,SME,KEL,Kundan Edifice Limited,2026-09-04 03:09:57
EMS Limited,emslimited,12-SEP-2023,08-SEP-2023,   211,14-SEP-2023,21-SEP-2023,Rs.200 to Rs.211,EQ,EMSLIMITED,,2026-09-04 03:09:57
Unihealth Consultancy Limited,,12-SEP-2023,08-SEP-2023,132,,21-SEP-2023,Rs.126 to Rs.132,SME,UNIHEALTH,Unihealth Consultancy Limited,2026-09-04 03:09:57
Jiwanram Sheoduttrai Industries Limited,,12-SEP-2023,08-SEP-2023,23,,18-SEP-2023,Rs.23,SME,JIWANRAM,Jiwanram Sheoduttrai Industries Limited,2026-09-04 03:09:57
Jupiter Life Line Hospitals Limited,jlhl,08-SEP-2023,06-SEP-2023,   735,10-SEP-2023,18-SEP-2023,Rs.695 to Rs.735,EQ,JLHL,,2026-09-04 03:09:57
Indiabulls Housing Finance Limited,ibhfl9,20-SEP-2023,06-SEP-2023,######,22-SEP-2023,09-APR-2024,Rs.1000,Z9,IBULHSG,,2026-09-04 03:09:57
Ratnaveer Precision Engineering Limited,ratnaveer,06-SEP-2023,04-SEP-2023,    98,08-SEP-2023,11-SEP-2023,Rs.93 to Rs.98,BE,RATNAVEER,,2026-09-04 03:09:57
Pramara Promotions Limited,,05-SEP-2023,01-SEP-2023,63,,13-SEP-2023,Rs.63,SME,PRAMARA,Pramara Promotions Limited,2026-09-04 03:09:57
Basilic Fly Studio Limited,,05-SEP-2023,01-SEP-2023,97,,11-SEP-2023,Rs.92 to Rs 97,SME,BASILIC,Basilic Fly Studio Limited,2026-09-04 03:09:57
Saroja Pharma Industries India Limited,,05-SEP-2023,31-AUG-2023,84,,13-SEP-2023,Rs.84,SME,SAROJA,Saroja Pharma Industries India Limited,2026-09-04 03:09:57
Rishabh Instruments Limited,rishabh,01-SEP-2023,30-AUG-2023,   441,03-SEP-2023,11-SEP-2023,Rs.418 to Rs.441,EQ,RISHABH,,2026-09-04 03:09:57
C P S Shapers Limited,,31-AUG-2023,29-AUG-2023,185,,07-SEP-2023,Rs.185,SME,CPS,C P S Shapers Limited,2026-09-04 03:09:57
Mono Pharmacare Limited,,30-AUG-2023,28-AUG-2023,28,,07-SEP-2023,Rs.26 to Rs.28,SME,MONOPHARMA,Mono Pharmacare Limited,2026-09-04 03:09:57
Sahaj Fashions Limited,,29-AUG-2023,25-AUG-2023,30,,06-SEP-2023,Rs.30,SME,SAHAJ,Sahaj Fashions Limited,2026-09-04 03:09:57
Vishnu Prakash R Punglia Limited,vprpl,28-AUG-2023,24-AUG-2023,    99,30-AUG-2023,05-SEP-2023,Rs.94 to Rs.99,EQ,VPRPL,,2026-09-04 03:09:57
CreditAccess Grameen Limited,cagl02,01-SEP-2023,24-AUG-2023,  1000,04-SEP-2023,11-SEP-2023,Rs.1000,NE,CREDITACC,,2026-09-04 03:09:57
Aeroflex Industries Limited,aeroflex,24-AUG-2023,22-AUG-2023,   108,27-AUG-2023,31-AUG-2023,Rs.102 to Rs.108,EQ,AEROFLEX,,2026-09-04 03:09:57
Sungarner Energies Limited,,23-AUG-2023,21-AUG-2023,83,,31-AUG-2023,Rs.83,SME,SEL,Sungarner Energies Limited,2026-09-04 03:09:57
Pyramid Technoplast Limited,pyramid,22-AUG-2023,18-AUG-2023,   166,24-AUG-2023,29-AUG-2023,Rs.151 to Rs.166,BE,PYRAMID,,2026-09-04 03:09:57
Crop Life Science Limited,,22-AUG-2023,18-AUG-2023,52,,30-AUG-2023,Rs.52,SME,CLSL,Crop Life Science Limited,2026-09-04 03:09:57
TVS Supply Chain Solutions Limited,tvsscs,14-AUG-2023,10-AUG-2023,   197,16-AUG-2023,23-AUG-2023,Rs.187 to Rs.197,EQ,TVSSCS,,2026-09-04 03:09:57
Srivari Spices and Foods Limited,,09-AUG-2023,07-AUG-2023,42,,18-AUG-2023,Rs.40 to Rs.42,SME,SSFL,Srivari Spices and Foods Limited,2026-09-04 03:09:57
Concord Biotech Limited,concordbio,08-AUG-2023,04-AUG-2023,   741,10-AUG-2023,18-AUG-2023,Rs.705 to Rs.741,EQ,CONCORDBIO,,2026-09-04 03:09:57
Yudiz Solutions Limited,,08-AUG-2023,04-AUG-2023,165,,17-AUG-2023,Rs.162 to Rs.165,SME,YUDIZ,Yudiz Solutions Limited,2026-09-04 03:09:57
Sangani Hospitals Limited,,08-AUG-2023,04-AUG-2023,40,,17-AUG-2023,Rs.37 to Rs.40,SME,SANGANI,Sangani Hospitals Limited,2026-09-04 03:09:57
SBFC Finance Limited,sbfc,07-AUG-2023,03-AUG-2023,    57,09-AUG-2023,16-AUG-2023,Rs.54 to Rs.57,EQ,SBFC,,2026-09-04 03:09:57
Vinsys IT Services India Limited,,04-AUG-2023,01-AUG-2023,128,,11-AUG-2023,Rs.121 to Rs.128,SME,VINSYS,Vinsys IT Services India Limited,2026-09-04 03:09:57
Oriana Power Limited,,03-AUG-2023,01-AUG-2023,118,,11-AUG-2023,Rs.115 to Rs.118,SME,ORIANA,Oriana Power Limited,2026-09-04 03:09:57
Cholamandalam Investment and Finance Company Limited,cifcl02,03-AUG-2023,28-JUL-2023,######,12-AUG-2023,01-JUL-2026,Rs.1000,N0,888CIFCL33,,2026-09-04 03:09:57
Zeal Global Services Limited,,01-AUG-2023,28-JUL-2023,103,,09-AUG-2023,Rs.103,SME,ZEAL,Zeal Global Services Limited,2026-09-04 03:09:57
Yatharth Hospital and Trauma Care Services Limited,yatharth,28-JUL-2023,26-JUL-2023,   300,31-JUL-2023,07-AUG-2023,Rs.285 to Rs.300,EQ,YATHARTH,,2026-09-04 03:09:57
Shri Techtex Limited,,28-JUL-2023,26-JUL-2023,61,,04-AUG-2023,Rs.54 to Rs. 61,SME,SHRITECH,Shri Techtex Limited,2026-09-04 03:09:57
Yasons Chemex Care Limited,,26-JUL-2023,24-JUL-2023,40,,03-AUG-2023,Rs.40,SME,YCCL,Yasons Chemex Care Limited,2026-09-04 03:09:57
Netweb Technologies India Limited,netweb,19-JUL-2023,17-JUL-2023,   500,20-JUL-2023,27-JUL-2023,Rs.475 to Rs.500,EQ,NETWEB,,2026-09-04 03:09:57
Service Care Limited,,18-JUL-2023,14-JUL-2023,67,,26-JUL-2023,Rs.63 to Rs.67,SME,SERVICE,Service Care Limited,2026-09-04 03:09:57
Utkarsh Small Finance Bank Limited,utkarshbnk,14-JUL-2023,12-JUL-2023,    25,16-JUL-2023,21-JUL-2023,Rs.23 to Rs.25,EQ,UTKARSHBNK,,2026-09-04 03:09:57
Indiabulls Housing Finance Limited,ibhfl8,21-JUL-2023,10-JUL-2023,######,25-JUL-2023,09-APR-2024,Rs.1000,Z9,IBULHSG,,2026-09-04 03:09:57
Navi Finserv Limited,nflncd2,13-JUL-2023,10-JUL-2023,  1000,15-JUL-2023,18-MAR-2024,Rs.1000,ND,NAVIFIN,,2026-09-04 03:09:57
Drone Destination Limited,,13-JUL-2023,07-JUL-2023,65,,21-JUL-2023,Rs.62 to Rs.65,SME,DRONE,Drone Destination Limited,2026-09-04 03:09:57
Senco Gold Limited,senco,06-JUL-2023,04-JUL-2023,   317,07-JUL-2023,14-JUL-2023,Rs.301 to Rs.317,EQ,SENCO,,2026-09-04 03:09:57
PKH Ventures Limited,pkh,04-JUL-2023,30-JUN-2023,-,10-JUL-2023,-,Rs.140 to Rs.148,EQ,PKH,,2026-09-04 03:09:57
PKH Ventures Limited - Issue Withdrawn,pkh,04-JUL-2023,30-JUN-2023,-,06-JUL-2023,-,Rs.140 to Rs.148,EQ,PKH,,2026-09-04 03:09:57
Synoptics Technologies Limited,,05-JUL-2023,30-JUN-2023,237,,13-JUL-2023,Rs.237,SME,SYNOPTICS,Synoptics Technologies Limited,2026-09-04 03:09:57
Tridhya Tech Limited,,05-JUL-2023,30-JUN-2023,42,,13-JUL-2023,Rs.35 to Rs.42,SME,TRIDHYA,Tridhya Tech Limited,2026-09-04 03:09:57
Global Pet Industries Limited,,03-JUL-2023,28-JUN-2023,49,,10-JUL-2023,Rs.49,SME,GLOBALPET,Global Pet Industries Limited,2026-09-04 03:09:57
Cyient DLM Limited,cyientdlm,30-JUN-2023,27-JUN-2023,   265,03-JUL-2023,10-JUL-2023,Rs.250 to Rs.265,EQ,CYIENTDLM,,2026-09-04 03:09:57
Ideaforge Technology Limited,ideaforge,30-JUN-2023,26-JUN-2023,   672,30-JUN-2023,07-JUL-2023,Rs.638 to Rs.672,EQ,IDEAFORGE,,2026-09-04 03:09:57
Pentagon Rubber Limited,,30-JUN-2023,26-JUN-2023,70,,07-JUL-2023,Rs.65 to Rs.70,SME,PENTAGON,Pentagon Rubber Limited,2026-09-04 03:09:57
Greenchef Appliances Limited,,27-JUN-2023,23-JUN-2023,87,,06-JUL-2023,Rs.82 to Rs.87,SME,GREENCHEF,Greenchef Appliances Limited,2026-09-04 03:09:57
Essen Speciality Films Limited,,27-JUN-2023,23-JUN-2023,107,,06-JUL-2023,Rs.101 to Rs.107,SME,ESFL,Essen Speciality Films Limited,2026-09-04 03:09:57
Magson Retail and Distribution Limited,,27-JUN-2023,23-JUN-2023,65,,06-JUL-2023,Rs.65,SME,MAGSON,Magson Retail and Distribution Limited,2026-09-04 03:09:57
HMA Agro Industries Limited,hma,23-JUN-2023,20-JUN-2023,   585,25-JUN-2023,04-JUL-2023,Rs.555 to Rs.585,EQ,HMAAGRO,,2026-09-04 03:09:57
Aatmaj Healthcare Limited,,21-JUN-2023,19-JUN-2023,60,,30-JUN-2023,Rs.60,SME,AATMAJ,Aatmaj Healthcare Limited,2026-09-04 03:09:57
Vilin Bio Med Limited,,21-JUN-2023,16-JUN-2023,30,,30-JUN-2023,Rs.30,SME,VILINBIO,Vilin Bio Med Limited,2026-09-04 03:09:57
Cell Point (India) Limited,,20-JUN-2023,15-JUN-2023,100,,28-JUN-2023,Rs.100,SME,CELLPOINT,Cell Point (India) Limited,2026-09-04 03:09:57
Urban Enviro Waste Management Limited,,14-JUN-2023,12-JUN-2023,100,,22-JUN-2023,Rs.100,SME,URBAN,Urban Enviro Waste Management Limited,2026-09-04 03:09:57
IIFL Finance Limited,iifls2,22-JUN-2023,09-JUN-2023,######,24-JUN-2023,13-MAR-2026,Rs.1000,N0,860IIFL27,,2026-09-04 03:09:57
Spectrum Talent Management Limited,,14-JUN-2023,09-JUN-2023,173,,22-JUN-2023,Rs.169 to Rs.173,SME,SPECTSTM,Spectrum Talent Management Limited,2026-09-04 03:09:57
IKIO Lighting Limited,ikio,08-JUN-2023,06-JUN-2023,   285,10-JUN-2023,16-JUN-2023,Rs.270 to Rs.285,EQ,IKIO,,2026-09-04 03:09:57
Kore Digital Limited,,07-JUN-2023,02-JUN-2023,180,,14-JUN-2023,Rs.180,SME,KDL,Kore Digital Limited,2026-09-04 03:09:57
Sahana System Limited,,02-JUN-2023,31-MAY-2023,135,,12-JUN-2023,Rs.132 To Rs.135,SME,SAHANA,Sahana System Limited,2026-09-04 03:09:57
Infollion Research Services Limited,,31-MAY-2023,29-MAY-2023,82,,08-JUN-2023,Rs.80 TO Rs.82,SME,INFOLLION,Infollion Research Services Limited,2026-09-04 03:09:57
Proventus Agrocom Limited,,26-MAY-2023,24-MAY-2023,771,,05-JUN-2023,Rs.771,SME,PROV,Proventus Agrocom Limited,2026-09-04 03:09:57
Vasa Denticity Limited,,25-MAY-2023,23-MAY-2023,128,,02-JUN-2023,Rs.121 TO Rs.128,SME,DENTALKART,Vasa Denticity Limited,2026-09-04 03:09:57
Crayons Advertising Limited,,25-MAY-2023,22-MAY-2023,65,,02-JUN-2023,Rs.62 TO Rs.65,SME,CRAYONS,Crayons Advertising Limited,2026-09-04 03:09:57
Remus Pharmaceuticals Limited,,19-MAY-2023,17-MAY-2023,1229,,29-MAY-2023,Rs.1150 TO Rs.1229,SME,REMUS,Remus Pharmaceuticals Limited,2026-09-04 03:09:57
Krishca Strapping Solutions Limited,,19-MAY-2023,16-MAY-2023,54,,26-MAY-2023,Rs.51 TO Rs.54,SME,KRISHCA,Krishca Strapping Solutions Limited,2026-09-04 03:09:57
Auro Impex & Chemicals Limited,,15-MAY-2023,11-MAY-2023,78,,23-MAY-2023,Rs.74 TO RS. 78,SME,AUROIMPEX,Auro Impex & Chemicals Limited,2026-09-04 03:09:57
Nexus Select Trust,nxst,11-MAY-2023,09-MAY-2023,   100,13-MAY-2023,19-MAY-2023,Rs 95 to Rs 100,RR,NXST,,2026-09-04 03:09:57
De Neers Tools Limited,,03-MAY-2023,28-APR-2023,101,,11-MAY-2023,Rs.95 TO RS. 101,SME,DENEERS,De Neers Tools Limited,2026-09-04 03:09:57
Mankind Pharma Limited,mankind,27-APR-2023,25-APR-2023,  1080,01-MAY-2023,09-MAY-2023,Rs.1026 to Rs.1080,EQ,MANKIND,,2026-09-04 03:09:57
Cholamandalam Investment and Finance Company Limited,cifcl01,27-APR-2023,25-APR-2023,######,30-APR-2023,01-JUL-2026,Rs.1000,N0,888CIFCL33,,2026-09-04 03:09:57
Quicktouch Technologies Limited,,21-APR-2023,18-APR-2023,61,,02-MAY-2023,Rs.61,SME,QUICKTOUCH,Quicktouch Technologies Limited,2026-09-04 03:09:57
A G Universal Limited,,13-APR-2023,11-APR-2023,60,,24-APR-2023,Rs.60,SME,AGUL,A G Universal Limited,2026-09-04 03:09:57
Pattech Fitwell Tube Components Limited,,12-APR-2023,05-APR-2023,50,,21-APR-2023,Rs.50,SME,PATTECH,Pattech Fitwell Tube Components Limited,2026-09-04 03:09:57
Avalon Technologies Limited,avalon,06-APR-2023,03-APR-2023,   436,08-APR-2023,18-APR-2023,Rs.415 to Rs.436,EQ,AVALON,,2026-09-04 03:09:57
Indiabulls Commercial Credit Limited,iccl1,19-APR-2023,03-APR-2023,  1000,21-APR-2023,27-APR-2023,Rs.1000,NZ,IBUCCREDIT,,2026-09-04 03:09:57
Infinium Pharmachem Limited,,05-APR-2023,31-MAR-2023,135,,17-APR-2023,Rs.135,SME,INFINIUM,Infinium Pharmachem Limited,2026-09-04 03:09:57
Mos Utility Limited,,06-APR-2023,31-MAR-2023,76,,18-APR-2023,Rs.72 to Rs.76,SME,MOS,Mos Utility Limited,2026-09-04 03:09:57
Sotac Pharmaceuticals Limited,,03-APR-2023,29-MAR-2023,111,,13-APR-2023,Rs.105 to Rs.111,SME,SOTAC,Sotac Pharmaceuticals Limited,2026-09-04 03:09:57
Udayshivakumar Infra Limited,usk,23-MAR-2023,20-MAR-2023,    35,25-MAR-2023,03-APR-2023,Rs.33 to Rs.35,BE,USK,,2026-09-04 03:09:57
Nirman Agri Genetics Limited,,20-MAR-2023,15-MAR-2023,Rs.99,,28-MAR-2023,Rs.99,SME,NIRMAN,Nirman Agri Genetics Limited,2026-09-04 03:09:57
Quality Foils (India) Limited,,16-MAR-2023,14-MAR-2023,60,,24-MAR-2023,Rs.60,SME,QFIL,Quality Foils (India) Limited,2026-09-04 03:09:57
Global Surfaces Limited,gslsu,15-MAR-2023,13-MAR-2023,   140,17-MAR-2023,23-MAR-2023,Rs.133 to Rs.140,BE,GSLSU,,2026-09-04 03:09:57
Vels Film International Limited,,14-MAR-2023,10-MAR-2023,99,,22-MAR-2023,Rs.99,SME,VELS,Vels Film International Limited,2026-09-04 03:09:57
MCON Rasayan India Limited,,10-MAR-2023,06-MAR-2023,40,,20-MAR-2023,Rs.40,SME,MCON,MCON Rasayan India Limited,2026-09-04 03:09:57
Indiabulls Housing Finance Limited,ibhfl7,17-MAR-2023,03-MAR-2023,######,21-MAR-2023,09-APR-2024,Rs.1000,Z9,IBULHSG,,2026-09-04 03:09:57
Vertexplus Technologies Limited,,06-MAR-2023,02-MAR-2023,96,,15-MAR-2023,Rs.91 to Rs.96,SME,VERTEXPLUS,Vertexplus Technologies Limited,2026-09-04 03:09:57
Systango Technologies Limited,,06-MAR-2023,02-MAR-2023,90,,15-MAR-2023,Rs.85 to Rs.90,SME,SYSTANGO,Systango Technologies Limited,2026-09-04 03:09:57
Divgi TorqTransfer Systems Limited,divgiitts,03-MAR-2023,01-MAR-2023,   590,05-MAR-2023,14-MAR-2023,Rs.560 to Rs.590,EQ,DIVGIITTS,,2026-09-04 03:09:57
Srivasavi Adhesive Tapes Limited,,28-FEB-2023,23-FEB-2023,41,,09-MAR-2023,Rs.41,SME,SRIVASAVI,Srivasavi Adhesive Tapes Limited,2026-09-04 03:09:57
Viaz Tyres Limited,,21-FEB-2023,16-FEB-2023,62,,01-MAR-2023,Rs.62,SME,VIAZ,Viaz Tyres Limited,2026-09-04 03:09:57
Indore Municipal Corporation,imc01,14-FEB-2023,10-FEB-2023,   250,16-FEB-2023,21-FEB-2023,Rs.1000,N3,IMC1,,2026-09-04 03:09:57
Agarwal Float Glass India Limited,,15-FEB-2023,10-FEB-2023,42,,23-FEB-2023,Rs.42,SME,AGARWALFT,Agarwal Float Glass India Limited,2026-09-04 03:09:57
Lead Reclaim and Rubber Products Limited,,13-FEB-2023,09-FEB-2023,25,,21-FEB-2023,Rs.25,SME,LRRPL,Lead Reclaim and Rubber Products Limited,2026-09-04 03:09:57
Shera Energy Limited,,09-FEB-2023,07-FEB-2023,57,,17-FEB-2023,Rs.55 TO RS. 57,SME,SHERA,Shera Energy Limited,2026-09-04 03:09:57
Adani Enterprises Limited-FPO,adanientpp,31-JAN-2023,27-JAN-2023,-,03-FEB-2023,-,Rs.1556 to Rs.1638,EQ,ADANIENTPP,,2026-09-04 03:09:57
Gayatri Rubbers and Chemicals Limited,,30-JAN-2023,25-JAN-2023,30,,07-FEB-2023,Rs.30,SME,GRCL,Gayatri Rubbers and Chemicals Limited,2026-09-04 03:09:57
Aristo Bio-Tech and Lifescience Limited,,19-JAN-2023,16-JAN-2023,72,,30-JAN-2023,Rs.72,SME,ARISTO,Aristo Bio-Tech and Lifescience Limited,2026-09-04 03:09:57
InCred Financial Services Limited,incr23,27-JAN-2023,09-JAN-2023,  1000,31-JAN-2023,06-FEB-2023,Rs.1000,N7,INCREDFIN,,2026-09-04 03:09:57
Ducol Organics And Colours Limited,,11-JAN-2023,09-JAN-2023,78,,19-JAN-2023,Rs.78,SME,DUCOL,Ducol Organics And Colours Limited,2026-09-04 03:09:57
IIFL Finance Limited,iifls1,18-JAN-2023,06-JAN-2023,######,20-JAN-2023,13-MAR-2026,Rs.1000,N0,860IIFL27,,2026-09-04 03:09:57
Indiabulls Commercial Credit Limited,iccl,27-JAN-2023,05-JAN-2023,  1000,30-JAN-2023,27-APR-2023,Rs.1000,NZ,IBUCCREDIT,,2026-09-04 03:09:57
Chaman Metallics Limited,,06-JAN-2023,04-JAN-2023,Rs.38,,16-JAN-2023,Rs.38,SME,CML,Chaman Metallics Limited,2026-09-04 03:09:57
Sah Polymers Limited,sah,04-JAN-2023,30-DEC-2022,    65,06-JAN-2023,12-JAN-2023,Rs.61 to Rs.65,BE,SAH,,2026-09-04 03:09:57
Anlon Technology Solutions Limited,,02-JAN-2023,29-DEC-2022,100,,10-JAN-2023,Rs.95 to Rs.100,SME,ANLON,Anlon Technology Solutions Limited,2026-09-04 03:09:57
Radiant Cash Management Services Limited,radiantcms,27-DEC-2022,23-DEC-2022,    94,30-DEC-2022,04-JAN-2023,Rs.94 to Rs.99,EQ,RADIANTCMS,,2026-09-04 03:09:57
RBM Infracon Limited,,27-DEC-2022,23-DEC-2022,36,,04-JAN-2023,Rs.36,SME,RBMINFRA,RBM Infracon Limited,2026-09-04 03:09:57
Homesfy Realty Limited,,23-DEC-2022,21-DEC-2022,197,,02-JAN-2023,Rs.197,SME,HOMESFY,Homesfy Realty Limited,2026-09-04 03:09:57
Moxsh Overseas Educon Limited,,23-DEC-2022,21-DEC-2022,153,,30-DEC-2022,Rs.153,SME,MOXSH,Moxsh Overseas Educon Limited,2026-09-04 03:09:57
Elin Electronics Limited,elin,22-DEC-2022,20-DEC-2022,   247,27-DEC-2022,30-DEC-2022,Rs.234 to Rs.247,EQ,ELIN,,2026-09-04 03:09:57
KFin Technologies Limited,kfintech,21-DEC-2022,19-DEC-2022,   366,23-DEC-2022,29-DEC-2022,Rs.347 to Rs.366,EQ,KFINTECH,,2026-09-04 03:09:57
Arihant Academy Limited,,21-DEC-2022,16-DEC-2022,90,,29-DEC-2022,Rs.90,SME,AAL,Arihant Academy Limited,2026-09-04 03:09:57
Dollex Agrotech Limited,,20-DEC-2022,15-DEC-2022,35,,28-DEC-2022,Rs.35,SME,DOLLEX,Dollex Agrotech Limited,2026-09-04 03:09:57
Uma Converter Limited,,21-DEC-2022,15-DEC-2022,33,,29-DEC-2022,Rs.33,SME,UMA,Uma Converter Limited,2026-09-04 03:09:57
Landmark Cars Limited,landmark,15-DEC-2022,13-DEC-2022,   506,17-DEC-2022,23-DEC-2022,Rs.481 to Rs.506,EQ,LANDMARK,,2026-09-04 03:09:57
Sula Vineyards Limited,sula,14-DEC-2022,12-DEC-2022,   357,16-DEC-2022,22-DEC-2022,Rs.340 to Rs.357,EQ,SULA,,2026-09-04 03:09:57
Abans Holdings Limited,ahl,15-DEC-2022,12-DEC-2022,   270,19-DEC-2022,23-DEC-2022,Rs.256 to Rs.270,EQ,AHL,,2026-09-04 03:09:57
All E Technologies Limited,,13-DEC-2022,09-DEC-2022,90,,21-DEC-2022,Rs.87 to 90,SME,ALLETEC,All E Technologies Limited,2026-09-04 03:09:57
Arham Technologies Limited,,07-DEC-2022,05-DEC-2022,42,,15-DEC-2022,Rs.42,SME,ARHAM,Arham Technologies Limited,2026-09-04 03:09:57
Indiabulls Housing Finance Limited,ibhfl6,22-DEC-2022,01-DEC-2022,######,26-DEC-2022,09-APR-2024,Rs.1000,Z9,IBULHSG,,2026-09-04 03:09:57
Uniparts India Limited,uniparts,02-DEC-2022,30-NOV-2022,   577,06-DEC-2022,12-DEC-2022,Rs.548 to Rs.577,EQ,UNIPARTS,,2026-09-04 03:09:57
Dharmaj Crop Guard Limited,dharmaj,30-NOV-2022,28-NOV-2022,   237,02-DEC-2022,08-DEC-2022,Rs.216 to Rs.237	,EQ,DHARMAJ,,2026-09-04 03:09:57
Baheti Recycling Industries Limited,,30-NOV-2022,28-NOV-2022,45,,08-DEC-2022,Rs.45,SME,BAHETI,Baheti Recycling Industries Limited,2026-09-04 03:09:57
Pritika Engineering Components Limited,,30-NOV-2022,25-NOV-2022,29,,08-DEC-2022,Rs.29,SME,PRITIKA,Pritika Engineering Components Limited,2026-09-04 03:09:57
Keystone Realtors Limited,rustomjee,16-NOV-2022,14-NOV-2022,   541,18-NOV-2022,24-NOV-2022,Rs.514 to Rs.541,EQ,RUSTOMJEE,,2026-09-04 03:09:57
CreditAccess Grameen Limited,cagl01,17-NOV-2022,14-NOV-2022,  1000,05-DEC-2022,11-SEP-2023,Rs.1000,NE,CREDITACC,,2026-09-04 03:09:57
Inox Green Energy Services Limited,inoxgreen,15-NOV-2022,11-NOV-2022,    65,17-NOV-2022,23-NOV-2022,Rs.61 to Rs.65,EQ,INOXGREEN,,2026-09-04 03:09:57
Kaynes Technology India Limited,kaynes,14-NOV-2022,10-NOV-2022,   587,15-NOV-2022,22-NOV-2022,Rs.559 to Rs.587,EQ,KAYNES,,2026-09-04 03:09:57
FiveStar Business Finance Limited,fivestar,11-NOV-2022,09-NOV-2022,   474,13-NOV-2022,21-NOV-2022,Rs.450 to Rs.474,EQ,FIVESTAR,,2026-09-04 03:09:57
Archean Chemical Industries Limited,archean,11-NOV-2022,09-NOV-2022,   407,13-NOV-2022,21-NOV-2022,Rs.386 to Rs.407,EQ,ACI,,2026-09-04 03:09:57
Bikaji Foods International Limited,bikaji,07-NOV-2022,03-NOV-2022,   300,09-NOV-2022,16-NOV-2022,Rs.285 to Rs.300,EQ,BIKAJI,,2026-09-04 03:09:57
Global Health Limited,medanta,07-NOV-2022,03-NOV-2022,   336,09-NOV-2022,16-NOV-2022,Rs.319 to Rs.336,EQ,MEDANTA,,2026-09-04 03:09:57
Fusion Micro Finance Limited,fusion,04-NOV-2022,02-NOV-2022,   368,06-NOV-2022,15-NOV-2022,Rs.350 to Rs.368,EQ,FUSION,,2026-09-04 03:09:57
Amiable Logistics (India) Limited,,07-NOV-2022,02-NOV-2022,81,,16-NOV-2022,Rs.81,SME,AMIABLE,Amiable Logistics (India) Limited,2026-09-04 03:09:57
DCX System limited,dcx,02-NOV-2022,31-OCT-2022,-,04-NOV-2022,-,Rs.197 to Rs.207,EQ,DCX,,2026-09-04 03:09:57
Vital Chemtech Limited,,03-NOV-2022,31-OCT-2022,46,,11-MAR-2026,Rs.95 to Rs.101,SME,VITAL,Vital Chemtech Limited,2026-09-04 03:09:57
Rite Zone Chemcon India Limited,,02-NOV-2022,31-OCT-2022,75,,11-NOV-2022,Rs.75,SME,RITEZONE,Rite Zone Chemcon India Limited,2026-09-04 03:09:57
Integrated Personnel Services Limited,,02-NOV-2022,31-OCT-2022,59,,11-NOV-2022,Rs.59,SME,IPSL,Integrated Personnel Services Limited,2026-09-04 03:09:57
National Highways Infra Trust,nhit01,18-OCT-2022,17-OCT-2022,   400,01-NOV-2022,28-OCT-2022,Rs.1000,N3,NHIT,,2026-09-04 03:09:57
Phantom Digital Effects Limited,,14-OCT-2022,12-OCT-2022,95,,21-OCT-2022,Rs.91 to Rs.95,SME,PHANTOMFX,Phantom Digital Effects Limited,2026-09-04 03:09:57
Tracxn Technologies Limited,tracxn,12-OCT-2022,10-OCT-2022,    80,14-OCT-2022,20-OCT-2022,Rs.75 to Rs.80,EQ,TRACXN,,2026-09-04 03:09:57
Indiabulls Housing Finance Limited,ibhfl5,28-OCT-2022,07-OCT-2022,######,31-OCT-2022,09-APR-2024,Rs.1000,Z9,IBULHSG,,2026-09-04 03:09:57
Electronics Mart India Limited,emil,07-OCT-2022,04-OCT-2022,    59,09-OCT-2022,17-OCT-2022,Rs.56 to Rs.59,EQ,EMIL,,2026-09-04 03:09:57
Frog Cellsat Limited,,04-OCT-2022,29-SEP-2022,102,,13-OCT-2022,Rs.97 to Rs.102,SME,FROG,Frog Cellsat Limited,2026-09-04 03:09:57
Swastik Pipe Limited,,03-OCT-2022,29-SEP-2022,100,,12-OCT-2022,Rs.97 to Rs.100,SME,SWASTIK,Swastik Pipe Limited,2026-09-04 03:09:57
Lloyds Luxuries Limited,,30-SEP-2022,28-SEP-2022,40,,11-OCT-2022,Rs.40,SME,LLOYDS,Lloyds Luxuries Limited,2026-09-04 03:09:57
Cyber Media Research & Services Limited,,29-SEP-2022,27-SEP-2022,180,,10-OCT-2022,Rs.171 to Rs.180,SME,CMRSL,Cyber Media Research & Services Limited,2026-09-04 03:09:57
QMS Medical Allied Services Limited,,30-SEP-2022,27-SEP-2022,96,,18-JUN-2026,Rs.121,SME,QMSMEDI,QMS Medical Allied Services Limited,2026-09-04 03:09:57
Kandarp Digi Smart BPO Limited,,20-SEP-2022,16-SEP-2022,30,,28-SEP-2022,Rs.30,SME,KANDARP,Kandarp Digi Smart BPO Limited,2026-09-04 03:09:57
Maks Energy Solutions India Limited,,20-SEP-2022,16-SEP-2022,20,,28-SEP-2022,Rs.20,SME,MAKS,Maks Energy Solutions India Limited,2026-09-04 03:09:57
Varanium Cloud Limited,,20-SEP-2022,16-SEP-2022,61.5,,20-OCT-2023,Rs.122,SME,CLOUDPP,Varanium Cloud Limited,2026-09-04 03:09:57
Annapurna Swadisht Limited,,19-SEP-2022,15-SEP-2022,157,,12-AUG-2026,Rs.68 to Rs.70,SME,ANNAPURNA,Annapurna Swadisht Limited,2026-09-04 03:09:57
Harsha Engineers International Limited,harsha,16-SEP-2022,14-SEP-2022,   330,19-SEP-2022,26-SEP-2022,Rs.314 to Rs.330,EQ,HARSHA,,2026-09-04 03:09:57
Tapi Fruit Processing Limited,,14-SEP-2022,12-SEP-2022,48,,22-SEP-2022,Rs.48,SME,TAPIFRUIT,Tapi Fruit Processing Limited,2026-09-04 03:09:57
Ishan International Limited,,14-SEP-2022,09-SEP-2022,80,,22-SEP-2022,Rs.80,SME,ISHAN,Ishan International Limited,2026-09-04 03:09:57
Sabar Flex India Limited,,13-SEP-2022,08-SEP-2022,11,,21-SEP-2022,Rs.11,SME,SABAR,Sabar Flex India Limited,2026-09-04 03:09:57
Mega Flex Plastics Limited,,09-SEP-2022,06-SEP-2022,40,,19-SEP-2022,Rs.40,SME,MEGAFLEX,Mega Flex Plastics Limited,2026-09-04 03:09:57
Tamilnad Mercantile Bank Limited,tmb,07-SEP-2022,05-SEP-2022,   510,08-SEP-2022,15-SEP-2022,Rs.500 to Rs.525,BE,TMB,,2026-09-04 03:09:57
U Gro Capital Limited,ugrod3,20-SEP-2022,05-SEP-2022,-,26-SEP-2022,-,Rs.1000,DEBT,UGROD3,,2026-09-04 03:09:57
Indiabulls Housing Finance Limited,ibhfl4,22-SEP-2022,05-SEP-2022,######,26-SEP-2022,09-APR-2024,Rs.1000,Z9,IBULHSG,,2026-09-04 03:09:57
Viviana Power Tech Limited,,08-SEP-2022,05-SEP-2022,10000,,22-JUN-2026,Rs.55,SME,12VPT28A,Viviana Power Tech Limited,2026-09-04 03:09:57
Jay Jalaram Technologies Limited,,30-AUG-2022,26-AUG-2022,36,,08-SEP-2022,Rs.36,SME,KORE,Jay Jalaram Technologies Limited,2026-09-04 03:09:57
JFL Life Sciences Limited,,30-AUG-2022,25-AUG-2022,61,,08-SEP-2022,Rs.61,SME,JFLLIFE,JFL Life Sciences Limited,2026-09-04 03:09:57
Ameya Precision Engineers Limited,,30-AUG-2022,25-AUG-2022,34,,08-SEP-2022,Rs.34,SME,AMEYA,Ameya Precision Engineers Limited,2026-09-04 03:09:57
Dreamfolks Services Limited,dreamfolks,26-AUG-2022,24-AUG-2022,   326,29-AUG-2022,06-SEP-2022,Rs.308 to Rs.326,EQ,DREAMFOLKS,,2026-09-04 03:09:57
Syrma SGS Technology Limited,syrma,18-AUG-2022,12-AUG-2022,   220,20-AUG-2022,26-AUG-2022,Rs.209 to Rs.220,EQ,SYRMA,,2026-09-04 03:09:57
Veekayem Fashion and Apparels Limited,,11-AUG-2022,05-AUG-2022,28,,22-AUG-2022,Rs.28,SME,VEEKAYEM,Veekayem Fashion and Apparels Limited,2026-09-04 03:09:57
Upsurge Seeds of Agriculture Limited,,02-AUG-2022,29-JUL-2022,120,,11-AUG-2022,Rs.120,SME,USASEEDS,Upsurge Seeds of Agriculture Limited,2026-09-04 03:09:57
Agni Green Power Limited,,22-JUL-2022,20-JUL-2022,10,,01-AUG-2022,Rs.10,SME,AGNI,Agni Green Power Limited,2026-09-04 03:09:57
SKP Bearing Industries Limited,,05-JUL-2022,30-JUN-2022,70,,13-JUL-2022,Rs.70,SME,SKP,SKP Bearing Industries Limited,2026-09-04 03:09:57
Mangalam Worldwide Limited,,04-JUL-2022,30-JUN-2022,100000,,04-MAY-2026,Rs.101,SME,10MWL29,Mangalam Worldwide Limited,2026-09-04 03:09:57
KCK Industries Limited,,30-JUN-2022,27-JUN-2022,30,,08-JUL-2022,Rs.30,SME,KCK,KCK Industries Limited,2026-09-04 03:09:57
Fidel Softech Limited,,02-JUN-2022,30-MAY-2022,37,,10-JUN-2022,Rs.37,SME,FIDEL,Fidel Softech Limited,2026-09-04 03:09:57
Aether Industries Limited,aether,26-MAY-2022,24-MAY-2022,   642,30-MAY-2022,03-JUN-2022,Rs.610 to Rs.642,EQ,AETHER,,2026-09-04 03:09:57
Navi Finserv Limited,nflncd,02-JUN-2022,23-MAY-2022,  1000,06-JUN-2022,18-MAR-2024,Rs.1000,ND,NAVIFIN,,2026-09-04 03:09:57
Globesecure Technologies Limited,,25-MAY-2022,23-MAY-2022,29,,02-JUN-2022,Rs.29,SME,GSTL,Globesecure Technologies Limited,2026-09-04 03:09:57
eMudhra Limited,emudhra,24-MAY-2022,20-MAY-2022,   256,26-MAY-2022,01-JUN-2022,Rs.243 to Rs.256,EQ,EMUDHRA,,2026-09-04 03:09:57
Rachana Infrastructure Limited,,02-JUN-2022,20-MAY-2022,135,,10-JUN-2022,Rs.135,SME,RILINFRA,Rachana Infrastructure Limited,2026-09-04 03:09:57
ETHOS Limited,ethosltd,20-MAY-2022,18-MAY-2022,   878,24-MAY-2022,30-MAY-2022,Rs.836 to Rs.878,EQ,ETHOSLTD,,2026-09-04 03:09:57
Paradeep Phosphates Limited,paradeep,19-MAY-2022,17-MAY-2022,    42,23-MAY-2022,27-MAY-2022,Rs.39 to Rs.42,EQ,PARADEEP,,2026-09-04 03:09:57
Delhivery Limited,delhivery,13-MAY-2022,11-MAY-2022,   487,18-MAY-2022,24-MAY-2022,Rs.462 to Rs.487,EQ,DELHIVERY,,2026-09-04 03:09:57
Venus Pipes and Tubes Limited,venuspipes,13-MAY-2022,11-MAY-2022,   326,18-MAY-2022,24-MAY-2022,Rs.310 to Rs.326,EQ,VENUSPIPES,,2026-09-04 03:09:57
Prudent Corporate Advisory Services Limited,prudent,12-MAY-2022,10-MAY-2022,   630,16-MAY-2022,20-MAY-2022,Rs.595 to Rs.630,EQ,PRUDENT,,2026-09-04 03:09:57
Life Insurance Corporation of India,lici,09-MAY-2022,04-MAY-2022,   949,11-MAY-2022,17-MAY-2022,Rs.902 to Rs.949,EQ,LICI,,2026-09-04 03:09:57
Sonu Infratech Limited,,05-MAY-2022,29-APR-2022,36,,13-MAY-2022,Rs.36,SME,SONUINFRA,Sonu Infratech Limited,2026-09-04 03:09:57
Rainbow Childrens Medicare Limited,rainbow,29-APR-2022,27-APR-2022,   542,04-MAY-2022,10-MAY-2022,Rs.516 to Rs.542,EQ,RAINBOW,,2026-09-04 03:09:57
Campus Activewear Limited,campus,28-APR-2022,26-APR-2022,   292,02-MAY-2022,09-MAY-2022,Rs.278 to Rs.292,EQ,CAMPUS,,2026-09-04 03:09:57
LE MERITE EXPORTS LIMITED,,28-APR-2022,25-APR-2022,507,,12-DEC-2025,Rs.75,SME,LEMERITE,LE MERITE EXPORTS LIMITED,2026-09-04 03:09:57
Dhani Loans and Services Limited,dlsl05,10-MAY-2022,19-APR-2022,-,13-MAY-2022,19-MAY-2022,Rs.1000,DEBT,DLSL05,,2026-09-04 03:09:57
U Gro Capital Limited,ugrod2,28-APR-2022,07-APR-2022,-,30-APR-2022,-,Rs.1000,DEBT,UGROD2,,2026-09-04 03:09:57
Hariom Pipe Industries Limited,hariom,05-APR-2022,30-MAR-2022,   153,07-APR-2022,13-APR-2022,Rs.144 to Rs.153,BE,HARIOMPIPE,,2026-09-04 03:09:57
Indiabulls Housing Finance Limited,ibhfl3,22-APR-2022,30-MAR-2022,######,25-APR-2022,09-APR-2024,Rs.1000,Z9,IBULHSG,,2026-09-04 03:09:57
Jeena Sikho Lifecare Limited,,07-APR-2022,30-MAR-2022,566,,11-AUG-2025,Rs.150,SME,JSLL,Jeena Sikho Lifecare Limited,2026-09-04 03:09:57
Veranda Learning Solutions Limited,veranda,31-MAR-2022,29-MAR-2022,   137,05-APR-2022,11-APR-2022,Rs.130 to Rs.137,BE,VERANDA,,2026-09-04 03:09:57
UMA Exports Limited,umaexports,30-MAR-2022,28-MAR-2022,    68,31-MAR-2022,07-APR-2022,Rs.65 to Rs.68,BE,UMAEXPORTS,,2026-09-04 03:09:57
Krishna Defence And Allied Industries Limited,,29-MAR-2022,25-MAR-2022,783.05,,30-DEC-2025,Rs.37 to Rs.39,SME,KRISHNADEF,Krishna Defence And Allied Industries Limited,2026-09-04 03:09:57
Ruchi Soya Industries Limited,ruchisoya,28-MAR-2022,24-MAR-2022,    34,04-APR-2022,02-JAN-2003,Rs.615 to Rs.650,EQ,RUCHISOYA,,2026-09-04 03:09:57
P.E. Analytics Limited,,25-MAR-2022,22-MAR-2022,Rs.111 to Rs.114,,-,Rs.111 to Rs.114,SME,PROPEQUITY,P.E. Analytics Limited,2026-09-04 03:09:57
Empyrean Cashews Limited,,23-MAR-2022,21-MAR-2022,37,,31-MAR-2022,Rs.37,SME,KRISHIVAL,Empyrean Cashews Limited,2026-09-04 03:09:57
KN Agri Resources Limited,,17-MAR-2022,15-MAR-2022,197,,09-DEC-2025,Rs.71 to Rs.75,SME,KNAGRI,KN Agri Resources Limited,2026-09-04 03:09:57
Swaraj Suiting Limited,,17-MAR-2022,15-MAR-2022,360,,13-AUG-2026,Rs.56,SME,SWARAJ,Swaraj Suiting Limited,2026-09-04 03:09:57
Cool Caps Industries Limited,,15-MAR-2022,10-MAR-2022,38,,24-MAR-2022,Rs.36 to Rs.38,SME,COOLCAPS,Cool Caps Industries Limited,2026-09-04 03:09:57
SP Refractories Limited,,11-MAR-2022,09-MAR-2022,90,,22-MAR-2022,Rs.90,SME,SPRL,SP Refractories Limited,2026-09-04 03:09:57
Shigan Quantum Technologies Limited,,03-MAR-2022,28-FEB-2022,50,,11-MAR-2022,Rs.50,SME,SHIGAN,Shigan Quantum Technologies Limited,2026-09-04 03:09:57
Vaidya Sane Ayurved Laboratories Limited,,15-FEB-2022,10-FEB-2022,73,,23-FEB-2022,Rs.73,SME,MADHAVBAUG,Vaidya Sane Ayurved Laboratories Limited,2026-09-04 03:09:57
Richa Info Systems Limited,,11-FEB-2022,09-FEB-2022,125,,21-FEB-2022,Rs.125,SME,RICHA,Richa Info Systems Limited,2026-09-04 03:09:57
Vedant Fashions Limited,manyavar,08-FEB-2022,04-FEB-2022,   866,10-FEB-2022,16-FEB-2022,Rs.824 to Rs.866,EQ,MANYAVAR,,2026-09-04 03:09:57
Adani Wilmar Limited,awl,31-JAN-2022,27-JAN-2022,   230,02-FEB-2022,08-FEB-2022,Rs.218 to Rs.230,EQ,AWL,,2026-09-04 03:09:57
InCred Financial Services Limited,incred,14-FEB-2022,24-JAN-2022,  1000,15-FEB-2022,06-FEB-2023,Rs.1000,N7,INCREDFIN,,2026-09-04 03:09:57
AGS Transact Technologies Limited,agstra,21-JAN-2022,19-JAN-2022,   175,23-JAN-2022,31-JAN-2022,Rs.166 to Rs.175,EQ,AGSTRA,,2026-09-04 03:09:57
Precision Metaliks Limited,,24-JAN-2022,19-JAN-2022,51,,01-FEB-2022,Rs.51,SME,PRECISION,Precision Metaliks Limited,2026-09-04 03:09:57
Dhani Loans and Services Limited,dlsl04,27-JAN-2022,04-JAN-2022,  1000,29-JAN-2022,19-MAY-2022,Rs.1000,Y5,DHANILOANS,,2026-09-04 03:09:57
Timescan Logistics (India) Private Limited,,04-JAN-2022,31-DEC-2021,Rs.51,,-,Rs.51,SME,TIMESCAN,Timescan Logistics (India) Private Limited,2026-09-04 03:09:57
AB Cotspin India Limited,,03-JAN-2022,30-DEC-2021,Rs.33 to Rs.35,,-,Rs.33 to Rs.35,SME,ABCOTS,AB Cotspin India Limited,2026-09-04 03:09:57
CMS Info Systems Limited,cmsinfo,23-DEC-2021,21-DEC-2021,   216,25-DEC-2021,31-DEC-2021,Rs.205 to Rs.216,EQ,CMSINFO,,2026-09-04 03:09:57
Vivo Collaboration Solutions Limited,,23-DEC-2021,20-DEC-2021,82,,31-DEC-2021,Rs.82,SME,VIVO,Vivo Collaboration Solutions Limited,2026-09-04 03:09:57
Supriya Lifescience Limited,supriya,20-DEC-2021,16-DEC-2021,   274,22-DEC-2021,28-DEC-2021,Rs.265 to Rs.274,EQ,SUPRIYA,,2026-09-04 03:09:57
HP Adhesives Limited,hpal,17-DEC-2021,15-DEC-2021,   274,20-DEC-2021,27-DEC-2021,Rs. 262 to Rs.274,BE,HPAL,,2026-09-04 03:09:57
Data Patterns (India) Limited,datapattns,16-DEC-2021,14-DEC-2021,   585,17-DEC-2021,24-DEC-2021,Rs. 555 to Rs.585,EQ,DATAPATTNS,,2026-09-04 03:09:57
Euro Panel Products Limited,,16-DEC-2021,14-DEC-2021,195,,01-AUG-2025,Rs.70,SME,EUROBOND,Euro Panel Products Limited,2026-09-04 03:09:57
MedPlus Health Services Limited,medplus,15-DEC-2021,13-DEC-2021,   796,17-DEC-2021,23-DEC-2021,Rs. 780 to Rs.796,EQ,MEDPLUS,,2026-09-04 03:09:57
Nupur Recyclers Limited,,15-DEC-2021,13-DEC-2021,60,,23-DEC-2021,Rs.60,SME,NRL,Nupur Recyclers Limited,2026-09-04 03:09:57
Foce India Limited,,17-DEC-2021,13-DEC-2021,225,,28-DEC-2021,Rs.225,SME,FOCE,Foce India Limited,2026-09-04 03:09:57
Metro Brands Limited,metrobrand,14-DEC-2021,10-DEC-2021,   500,16-DEC-2021,22-DEC-2021,Rs.485 to Rs.500,EQ,METROBRAND,,2026-09-04 03:09:57
C.E. Info Systems Limited,mapmyindia,13-DEC-2021,09-DEC-2021,  1033,15-DEC-2021,21-DEC-2021,Rs.1000 to Rs.1033,EQ,MAPMYINDIA,,2026-09-04 03:09:57
Indiabulls Housing Finance Limited,ibhfl2,31-DEC-2021,09-DEC-2021,######,04-JAN-2022,09-APR-2024,Rs.1000,Z9,IBULHSG,,2026-09-04 03:09:57
Shriram Properties Limited,shrirampps,10-DEC-2021,08-DEC-2021,   118,12-DEC-2021,20-DEC-2021,Rs.113 to Rs.118,EQ,SHRIRAMPPS,,2026-09-04 03:09:57
IIFL Home Finance Limited,ihfsd2,28-DEC-2021,08-DEC-2021,######,30-DEC-2021,02-DEC-2025,Rs.1000,N0,790IHFL27,,2026-09-04 03:09:57
RateGain Travel Technologies Limited,rategain,09-DEC-2021,07-DEC-2021,   425,11-DEC-2021,17-DEC-2021,Rs.405 to Rs.425,EQ,RATEGAIN,,2026-09-04 03:09:57
Anand Rathi Wealth Limited,arwl,06-DEC-2021,02-DEC-2021,   550,08-DEC-2021,14-DEC-2021,Rs.530 to Rs.550,EQ,ANANDRATHI,,2026-09-04 03:09:57
Tega Industries Limited,tega,03-DEC-2021,01-DEC-2021,   453,07-DEC-2021,13-DEC-2021,Rs.443 to Rs.453,EQ,TEGA,,2026-09-04 03:09:57
Star Health and Allied Insurance Company Limited,starhealth,02-DEC-2021,30-NOV-2021,   900,04-DEC-2021,10-DEC-2021,Rs.870 to Rs.900,EQ,STARHEALTH,,2026-09-04 03:09:57
Go Fashion (India) Limited,gocolors,22-NOV-2021,17-NOV-2021,   690,24-NOV-2021,30-NOV-2021,Rs.655 to Rs.690,EQ,GOCOLORS,,2026-09-04 03:09:57
Tarsons Products Limited,tarsons,17-NOV-2021,15-NOV-2021,   662,19-NOV-2021,26-NOV-2021,Rs.635 to Rs.662,EQ,TARSONS,,2026-09-04 03:09:57
Latent View Analytics Limited,latentview,12-NOV-2021,10-NOV-2021,   197,16-NOV-2021,23-NOV-2021,Rs.190 to Rs.197,EQ,LATENTVIEW,,2026-09-04 03:09:57
Sapphire Foods India Limited,sapphire,11-NOV-2021,09-NOV-2021,  1180,13-NOV-2021,18-NOV-2021,Rs.1120 to Rs.1180,EQ,SAPPHIRE,,2026-09-04 03:09:57
One 97 Communications Limited,paytm,10-NOV-2021,08-NOV-2021,  2150,12-NOV-2021,18-NOV-2021,Rs.2080 to Rs.2150,EQ,PAYTM,,2026-09-04 03:09:57
U Gro Capital Limited,ugrod1,10-NOV-2021,08-NOV-2021,-,12-NOV-2021,-,Rs.1000,DEBT,UGROD1,,2026-09-04 03:09:57
PB Fintech Limited,policybzr,03-NOV-2021,01-NOV-2021,   980,09-NOV-2021,15-NOV-2021,Rs.940 to Rs.980,EQ,POLICYBZR,,2026-09-04 03:09:57
Sigachi Industries Limited,sigachi,03-NOV-2021,01-NOV-2021,   163,09-NOV-2021,15-NOV-2021,Rs.161 to Rs.163,BE,SIGACHI,,2026-09-04 03:09:57
S J S Enterprises Limited,sjs,03-NOV-2021,01-NOV-2021,   542,09-NOV-2021,15-NOV-2021,Rs.531 to Rs.542,EQ,SJS,,2026-09-04 03:09:57
FINO Payments Bank Limited,fino,02-NOV-2021,29-OCT-2021,   577,04-NOV-2021,12-NOV-2021,Rs.560 to Rs.577,EQ,FINOPB,,2026-09-04 03:09:57
FSN Ecommerce Ventures Limited,nykaa,01-NOV-2021,28-OCT-2021,  1125,05-NOV-2021,10-NOV-2021,Rs.1085 to Rs.1125,EQ,NYKAA,,2026-09-04 03:09:57
Nidan Laboratories and Healthcare Limited,,02-NOV-2021,28-OCT-2021,125,,12-NOV-2021,Rs.125,SME,NIDAN,Nidan Laboratories and Healthcare Limited,2026-09-04 03:09:57
Kotyark Industries Limited,,25-OCT-2021,21-OCT-2021,281,,12-MAR-2026,Rs.51,SME,KOTYARK,Kotyark Industries Limited,2026-09-04 03:09:57
D. K. Enterprises Global Limited,,12-OCT-2021,07-OCT-2021,Rs.40,,-,Rs.40,SME,DKEGL,D. K. Enterprises Global Limited,2026-09-04 03:09:57
Bombay Metrics Supply Chain Limited,,04-OCT-2021,30-SEP-2021,93,,12-OCT-2021,Rs.93,SME,BMETRICS,Bombay Metrics Supply Chain Limited,2026-09-04 03:09:57
Destiny Logistics & Infra Limited,,05-OCT-2021,30-SEP-2021,20,,13-OCT-2021,Rs.20,SME,DESTINY,Destiny Logistics & Infra Limited,2026-09-04 03:09:57
Dynamic Services & Security Ltd.,,05-OCT-2021,30-SEP-2021,Rs.51,,-,Rs.51,SME,DYNAMIC,Dynamic Services & Security Ltd.,2026-09-04 03:09:57
Aditya Birla Sun Life AMC Limited,abslamc,01-OCT-2021,29-SEP-2021,   712,05-OCT-2021,11-OCT-2021,Rs.695 to Rs.712,EQ,ABSLAMC,,2026-09-04 03:09:57
Jainam Ferro Alloys (I) Limited,,30-SEP-2021,28-SEP-2021,70,,08-OCT-2021,Rs.70,SME,JAINAM,Jainam Ferro Alloys (I) Limited,2026-09-04 03:09:57
IIFL Finance Limited,iiflu2,08-OCT-2021,27-SEP-2021,######,11-OCT-2021,13-MAR-2026,Rs.1000,N0,860IIFL27,,2026-09-04 03:09:57
JM Financial Products Limited,jmfpiv,01-OCT-2021,23-SEP-2021,-,04-OCT-2021,-,Rs.1000,DEBT,JMFPIV,,2026-09-04 03:09:57
Paras Defence and Space Technologies Limited,pdstl,23-SEP-2021,21-SEP-2021,   175,25-SEP-2021,01-OCT-2021,Rs.165 to Rs.175,BE,PARAS,,2026-09-04 03:09:57
Quadpro ITeS Limited,,22-SEP-2021,20-SEP-2021,20,,30-SEP-2021,Rs.20,SME,QUADPRO,Quadpro ITeS Limited,2026-09-04 03:09:57
Sansera Engineering Limited,sansera,16-SEP-2021,14-SEP-2021,   744,18-SEP-2021,24-SEP-2021,Rs.734 to Rs.744,EQ,SANSERA,,2026-09-04 03:09:57
Indiabulls Housing Finance Limited,ibhfl1,20-SEP-2021,06-SEP-2021,######,22-SEP-2021,09-APR-2024,Rs.1000,Z9,IBULHSG,,2026-09-04 03:09:57
BEW Engineering Limited,,07-SEP-2021,02-SEP-2021,58,,16-SEP-2021,Rs.58,SME,BEWLTD,BEW Engineering Limited,2026-09-04 03:09:57
Vijaya Diagnostic Centre Limited,vijaya,03-SEP-2021,01-SEP-2021,   531,07-SEP-2021,14-SEP-2021,Rs.522 to Rs.531,EQ,VIJAYA,,2026-09-04 03:09:57
Ami Organics Limited,amiorg,03-SEP-2021,01-SEP-2021,   610,07-SEP-2021,14-SEP-2021,Rs.603 to Rs.610,EQ,AMIORG,,2026-09-04 03:09:57
DU Digital Technologies Limited,,17-AUG-2021,12-AUG-2021,65,,26-AUG-2021,Rs 65,SME,DUDIGITAL,DU Digital Technologies Limited,2026-09-04 03:09:57
Aptus Value Housing Finance India Limited,aptus,12-AUG-2021,10-AUG-2021,   353,14-AUG-2021,24-AUG-2021,Rs.346 to Rs.353,EQ,APTUS,,2026-09-04 03:09:57
Chemplast Sanmar Limited,chemplast,12-AUG-2021,10-AUG-2021,   541,14-AUG-2021,24-AUG-2021,Rs.530 to Rs.541,EQ,CHEMPLASTS,,2026-09-04 03:09:57
CarTrade Tech Limited,cartrade,11-AUG-2021,09-AUG-2021,  1618,13-AUG-2021,20-AUG-2021,Rs.1585 to Rs.1618,EQ,CARTRADE,,2026-09-04 03:09:57
Nuvoco Vistas Corporation Limited,nuvoco,11-AUG-2021,09-AUG-2021,######,13-AUG-2021,23-SEP-2025,Rs.560 to Rs.570,N0,77NVCL28,,2026-09-04 03:09:57
Devyani International Limited,devyani,06-AUG-2021,04-AUG-2021,    90,07-AUG-2021,16-AUG-2021,Rs.86 to Rs.90,EQ,DEVYANI,,2026-09-04 03:09:57
Krsnaa Diagnostics Limited,krsnaa,06-AUG-2021,04-AUG-2021,   954,07-AUG-2021,16-AUG-2021,Rs.933 to Rs.954,EQ,KRSNAA,,2026-09-04 03:09:57
Windlas Biotech Limited,windlas,06-AUG-2021,04-AUG-2021,   460,07-AUG-2021,16-AUG-2021,Rs.448 to Rs.460,EQ,WINDLAS,,2026-09-04 03:09:57
Exxaro Tiles Limited,exxaro,06-AUG-2021,04-AUG-2021,   120,07-AUG-2021,16-AUG-2021,Rs.118 to Rs.120,BE,EXXARO,,2026-09-04 03:09:57
Rolex Rings Limited,rolex,30-JUL-2021,28-JUL-2021,   900,03-AUG-2021,09-AUG-2021,Rs.880 to Rs.900,EQ,ROLEXRINGS,,2026-09-04 03:09:57
Rex Pipes and Cables Industries Limited,,02-AUG-2021,28-JUL-2021,26,,10-AUG-2021,Rs 26,SME,REXPIPES,Rex Pipes and Cables Industries Limited,2026-09-04 03:09:57
Network People Services Technologies Limited,,02-AUG-2021,28-JUL-2021,2177,,30-APR-2025,Rs 76 to Rs 80,SME,NPST,Network People Services Technologies Limited,2026-09-04 03:09:57
Glenmark Life Sciences Limited,gls,29-JUL-2021,27-JUL-2021,   720,01-AUG-2021,06-AUG-2021,Rs.695 to Rs.720,EQ,GLS,,2026-09-04 03:09:57
Tatva Chintan Pharma Chem Limited,tatva,20-JUL-2021,16-JUL-2021,  1083,23-JUL-2021,29-JUL-2021,Rs.1073 to Rs.1083,EQ,TATVA,,2026-09-04 03:09:57
Zomato Limited,zomato,16-JUL-2021,14-JUL-2021,    76,20-JUL-2021,23-JUL-2021,Rs.72 to Rs.76,EQ,ZOMATO,,2026-09-04 03:09:57
Piramal Capital and Housing Finance Limited,pchfrd,19-JUL-2021,12-JUL-2021,-,20-JUL-2021,-,Rs.1000,DEBT,PCHFRD,,2026-09-04 03:09:57
Clean Science and Technology Limited,clean,09-JUL-2021,07-JUL-2021,   900,13-JUL-2021,19-JUL-2021,Rs.880 to Rs.900,EQ,CLEAN,,2026-09-04 03:09:57
G R Infraprojects Limited,grinfra,09-JUL-2021,07-JUL-2021,   837,13-JUL-2021,19-JUL-2021,Rs.828 to Rs.837,EQ,GRINFRA,,2026-09-04 03:09:57
IIFL Home Finance Limited,ihfud1,28-JUL-2021,06-JUL-2021,######,30-JUL-2021,02-DEC-2025,Rs.1000,N0,790IHFL27,,2026-09-04 03:09:57
Walpar Nutritions Limited,,05-JUL-2021,30-JUN-2021,55,,13-JUL-2021,Rs 55,SME,WALPAR,Walpar Nutritions Limited,2026-09-04 03:09:57
India Pesticides Limited,ipl,25-JUN-2021,23-JUN-2021,   296,29-JUN-2021,05-JUL-2021,Rs.290 to 296,EQ,IPL,,2026-09-04 03:09:57
Dodla Dairy Limited,dodla,18-JUN-2021,16-JUN-2021,   428,21-JUN-2021,28-JUN-2021,Rs.421 to Rs.428,EQ,DODLA,,2026-09-04 03:09:57
Krishna Institute of Medical Sciences Limited,kims,18-JUN-2021,16-JUN-2021,   825,22-JUN-2021,28-JUN-2021,Rs.815 to Rs.825,EQ,KIMS,,2026-09-04 03:09:57
Sona BLW Precision Forgings Limited,sonacoms,16-JUN-2021,14-JUN-2021,   291,18-JUN-2021,24-JUN-2021,Rs.285 to Rs.291,EQ,SONACOMS,,2026-09-04 03:09:57
Shyam Metalics and Energy Limited,shymmetal,16-JUN-2021,14-JUN-2021,   306,18-JUN-2021,24-JUN-2021,Rs.303 to Rs.306,EQ,SHYAMMETL,,2026-09-04 03:09:57
Abhishek Integrations Limited,,11-JUN-2021,08-JUN-2021,50,,21-JUN-2021,Rs 50,SME,AILIMITED,Abhishek Integrations Limited,2026-09-04 03:09:57
POWERGRID Infrastructure Investment Trust,pginvit,03-MAY-2021,29-APR-2021,   100,05-MAY-2021,14-MAY-2021,Rs 99 to Rs 100,IV,PGINVIT,,2026-09-04 03:09:57
India Grid Trust,igtncd1,30-APR-2021,28-APR-2021,  1000,04-MAY-2021,10-MAY-2021,Rs.1000,NF,INDIGRID,,2026-09-04 03:09:57
Macrotech Developers Limited,lodha,09-APR-2021,07-APR-2021,   486,12-APR-2021,19-APR-2021,Rs.483 to Rs.486,EQ,LODHA,,2026-09-04 03:09:57
V-Marc India Limited,,31-MAR-2021,25-MAR-2021,Rs 37 to Rs 39,,-,Rs 37 to Rs 39,SME,VMARCIND,V-Marc India Limited,2026-09-04 03:09:57
Barbeque-Nation Hospitality Limited,barbeque,26-MAR-2021,24-MAR-2021,   500,31-MAR-2021,07-APR-2021,Rs.498 to 500,EQ,BARBEQUE,,2026-09-04 03:09:57
Siddhika Coatings Limited,,26-MAR-2021,24-MAR-2021,57,,07-APR-2021,Rs 57,SME,SIDDHIKA,Siddhika Coatings Limited,2026-09-04 03:09:57
Nazara Technologies Limited,nazara,19-MAR-2021,17-MAR-2021,  1101,21-MAR-2021,30-MAR-2021,Rs.1100 to 1101,EQ,NAZARA,,2026-09-04 03:09:57
Suryoday Small Finance Bank Limited,suryoday,19-MAR-2021,17-MAR-2021,   305,21-MAR-2021,26-MAR-2021,Rs.303 to 305,EQ,SURYODAY,,2026-09-04 03:09:57
Kalyan Jewellers India Limited,kalyan,18-MAR-2021,16-MAR-2021,    87,20-MAR-2021,26-MAR-2021,Rs.86 to 87,EQ,KALYANKJIL,,2026-09-04 03:09:57
Craftsman Automation Limited,craftsman,17-MAR-2021,15-MAR-2021,  1490,19-MAR-2021,25-MAR-2021,Rs.1488 to Rs.1490,EQ,CRAFTSMAN,,2026-09-04 03:09:57
Laxmi Organic Industries Limited,lxchem,17-MAR-2021,15-MAR-2021,   130,19-MAR-2021,25-MAR-2021,Rs.129 to Rs.130,EQ,LXCHEM,,2026-09-04 03:09:57
Anupam Rasayan India Limited,anuras,16-MAR-2021,12-MAR-2021,   236,18-MAR-2021,10-MAY-2024,Rs.553 to Rs.555,W1,ANURAS,,2026-09-04 03:09:57
Easy Trip Planners Limited,easemytrip,10-MAR-2021,08-MAR-2021,   187,12-MAR-2021,19-MAR-2021,Rs.186 to Rs.187,EQ,EASEMYTRIP,,2026-09-04 03:09:57
MTAR Technologies Limited,mtar,05-MAR-2021,03-MAR-2021,   575,09-MAR-2021,15-MAR-2021,Rs.574 to Rs.575,EQ,MTARTECH,,2026-09-04 03:09:57
IIFL Finance Limited,iiflu1,18-MAR-2021,03-MAR-2021,######,20-MAR-2021,13-MAR-2026,Rs.1000,N0,860IIFL27,,2026-09-04 03:09:57
Pavna Industries Limited,,01-MAR-2021,24-FEB-2021,165,,09-MAR-2021,165,SME,PAVNAIND,Pavna Industries Limited,2026-09-04 03:09:57
Heranba Industries Limited,heranba,25-FEB-2021,23-FEB-2021,   627,26-FEB-2021,05-MAR-2021,Rs.626 to Rs.627,EQ,HERANBA,,2026-09-04 03:09:57
Party Cruisers Limited,,25-FEB-2021,22-FEB-2021,51,,05-MAR-2021,51,SME,PARTYCRUS,Party Cruisers Limited,2026-09-04 03:09:57
RailTel Corporation of India Limited,railtel,18-FEB-2021,16-FEB-2021,    94,19-FEB-2021,26-FEB-2021,Rs.93 to Rs.94,EQ,RAILTEL,,2026-09-04 03:09:57
Nureca Limited,nureca,17-FEB-2021,15-FEB-2021,   400,18-FEB-2021,25-FEB-2021,Rs.396 to Rs.400,BE,NURECA,,2026-09-04 03:09:57
Brookfield India Real Estate Trust,biret,05-FEB-2021,03-FEB-2021,   275,09-FEB-2021,16-FEB-2021,Rs 274 to Rs 275,RR,BIRET,,2026-09-04 03:09:57
Stove Kraft Limited,stovekraft,28-JAN-2021,25-JAN-2021,   385,01-FEB-2021,05-FEB-2021,Rs.384 to Rs.385,EQ,STOVEKRAFT,,2026-09-04 03:09:57
Home First Finance Company India Limited,homefirst,25-JAN-2021,21-JAN-2021,   518,27-JAN-2021,03-FEB-2021,Rs.517 to Rs.518,EQ,HOMEFIRST,,2026-09-04 03:09:57
Indigo Paints Limited,indigopnts,22-JAN-2021,20-JAN-2021,  1490,26-JAN-2021,02-FEB-2021,Rs.1488 to Rs.1490,EQ,INDIGOPNTS,,2026-09-04 03:09:57
Indian Railway Finance Corporation Limited,irfc,20-JAN-2021,18-JAN-2021,######,22-JAN-2021,03-DEC-2025,Rs.25 to Rs.26,N0,0IRFC35,,2026-09-04 03:09:57
Antony Waste Handling Cell Limited,antony,23-DEC-2020,21-DEC-2020,   315,25-DEC-2020,01-JAN-2021,Rs.313 to Rs.315,EQ,AWHCL,,2026-09-04 03:09:57
Mrs. Bectors Food Specialities Limited,bectorfood,17-DEC-2020,15-DEC-2020,   288,19-DEC-2020,24-DEC-2020,Rs.286 to Rs.288,EQ,BECTORFOOD,,2026-09-04 03:09:57
Burger King India Limited,burgerking,04-DEC-2020,02-DEC-2020,    60,06-DEC-2020,14-DEC-2020,Rs.59 to Rs.60,EQ,BURGERKING,,2026-09-04 03:09:57
Gland Pharma Limited,gland,11-NOV-2020,09-NOV-2020,  1500,13-NOV-2020,20-NOV-2020,Rs.1490 to Rs.1500,EQ,GLAND,,2026-09-04 03:09:57
Equitas Small Finance Bank Limited,equitassfb,22-OCT-2020,20-OCT-2020,    33,24-OCT-2020,02-NOV-2020,Rs.32 to Rs.33,EQ,EQUITASBNK,,2026-09-04 03:09:57
Bodhi Tree Multimedia Limited,,13-OCT-2020,09-OCT-2020,95,,21-OCT-2020,95,SME,BTML,Bodhi Tree Multimedia Limited,2026-09-04 03:09:57
AAA Technologies Limited,,05-OCT-2020,30-SEP-2020,72,,28-NOV-2022,42,SME,AAATECH,AAA Technologies Limited,2026-09-04 03:09:57
Atal Realtech Limited,,07-OCT-2020,30-SEP-2020,72,,15-OCT-2020,72,SME,ATALREAL,Atal Realtech Limited,2026-09-04 03:09:57
UTI Asset Management Company Limited,utiamc,01-OCT-2020,29-SEP-2020,   554,06-OCT-2020,12-OCT-2020,Rs.552 to Rs.554,EQ,UTIAMC,,2026-09-04 03:09:57
Mazagon Dock Shipbuilders Limited,mazdock,01-OCT-2020,29-SEP-2020,   145,06-OCT-2020,12-OCT-2020,Rs.135 to Rs.145,EQ,MAZDOCK,,2026-09-04 03:09:57
Likhitha Infrastructure Limited,likhitha,07-OCT-2020,29-SEP-2020,   120,09-OCT-2020,15-OCT-2020,Rs.116 to Rs.120,BE,LIKHITHA,,2026-09-04 03:09:57
Sigma Solve Limited,,09-OCT-2020,29-SEP-2020,295,,09-JUN-2023,45,SME,SIGMA,Sigma Solve Limited,2026-09-04 03:09:57
Angel Broking Limited,angelbrkg,24-SEP-2020,22-SEP-2020,   306,26-SEP-2020,05-OCT-2020,Rs.305 to Rs.306,EQ,ANGELBRKG,,2026-09-04 03:09:57
Chemcon Speciality Chemicals Limited,chemcon,23-SEP-2020,21-SEP-2020,   340,26-SEP-2020,01-OCT-2020,Rs.338 to Rs.340,EQ,CHEMCON,,2026-09-04 03:09:57
Computer Age Management Services Limited,cams,23-SEP-2020,21-SEP-2020,  1240,26-SEP-2020,07-MAY-2021,Rs.1229 to Rs.1230,EQ,CAMS,,2026-09-04 03:09:57
Route Mobile Limited,route,11-SEP-2020,09-SEP-2020,   350,15-SEP-2020,21-SEP-2020,Rs.345 to Rs.350,EQ,ROUTE,,2026-09-04 03:09:57
Happiest Minds Technologies Limited,happstmnds,09-SEP-2020,07-SEP-2020,   166,10-SEP-2020,17-SEP-2020,Rs.165 to Rs.166,EQ,HAPPSTMNDS,,2026-09-04 03:09:57
Mindspace Business Parks REIT,mindspace,29-JUL-2020,27-JUL-2020,   275,31-JUL-2020,07-AUG-2020,Rs 274 to Rs 275,RR,MINDSPACE,,2026-09-04 03:09:57
Yes Bank Limited - FPO,yesbank,17-JUL-2020,15-JUL-2020,-,20-JUL-2020,-,Rs.12 to Rs.13,EQ,YESBANK,,2026-09-04 03:09:57
Rossari Biotech Limited,rossari,15-JUL-2020,13-JUL-2020,   425,17-JUL-2020,23-JUL-2020,Rs.423 to Rs.425,EQ,ROSSARI,,2026-09-04 03:09:57
Ksolves India Limited,,26-JUN-2020,23-JUN-2020,406,,23-SEP-2022,100,SME,KSOLVES,Ksolves India Limited,2026-09-04 03:09:57
Laxmi Goldorna House Limited,,03-APR-2020,20-MAR-2020,135,,10-NOV-2023,15,SME,LGHL,Laxmi Goldorna House Limited,2026-09-04 03:09:57
Antony Waste Handling Cell Limited - Issue Withdrawn,awhcl,16-MAR-2020,04-MAR-2020,-,17-MAR-2020,-,Rs.294 to Rs.300,EQ,AWHCL,,2026-09-04 03:09:57
SBI Cards and Payment Services Limited,sbicards,05-MAR-2020,02-MAR-2020,   755,13-MAR-2020,16-MAR-2020,Rs.750 to Rs.755,EQ,SBICARD,,2026-09-04 03:09:57
Madhav Copper Limited,,30-JAN-2020,27-JAN-2020,70,,19-AUG-2020,Rs 100 to Rs 102,SME,MCL,Madhav Copper Limited,2026-09-04 03:09:57
ITI Limited FPO - Issue Withdrawn,iti,05-FEB-2020,24-JAN-2020,-,07-FEB-2020,-,Rs.72 to Rs.77,EQ,ITI,,2026-09-04 03:09:57
Hindprakash Industries Limited,,17-JAN-2020,15-JAN-2020,40,,27-JAN-2020,40,SME,HPIL,Hindprakash Industries Limited,2026-09-04 03:09:57
Tata Capital Housing Finance Limited,tchfl1,08-JAN-2020,07-JAN-2020,######,15-JAN-2020,24-AUG-2026,Rs.1000,N0,783TCHFL31,,2026-09-04 03:09:57
Shriram Transport Finance Company Limited,sncd9t2,22-JAN-2020,06-JAN-2020,-,24-JAN-2020,-,Rs.1000,DEBT,SNCD9T2,,2026-09-04 03:09:57
Vaxtex Cotfab Limited,,03-JAN-2020,27-DEC-2019,24,,13-JAN-2020,24,SME,VCL,Vaxtex Cotfab Limited,2026-09-04 03:09:57
Prince Pipes and Fittings Limited,princepipe,20-DEC-2019,18-DEC-2019,   178,24-DEC-2019,30-DEC-2019,Rs.177 to Rs.178,EQ,PRINCEPIPE,,2026-09-04 03:09:57
L&T Finance Limited,ltfncd3,17-DEC-2019,16-DEC-2019,######,30-DEC-2019,10-JUL-2026,Rs.1000,N0,783LTFL29,,2026-09-04 03:09:57
DC Infotech and Communication Limited,,18-DEC-2019,12-DEC-2019,45,,27-DEC-2019,45,SME,DCI,DC Infotech and Communication Limited,2026-09-04 03:09:57
Ujjivan Small Finance Bank Limited,ujjivansfb,04-DEC-2019,02-DEC-2019,    37,06-DEC-2019,12-DEC-2019,Rs.36 to Rs.37,EQ,UJJIVANSFB,,2026-09-04 03:09:57
Ascom Leasing & Investments Limited,,28-NOV-2019,26-NOV-2019,30,,-,30,SME,ASCOM,Ascom Leasing & Investments Limited,2026-09-04 03:09:57
CSB Bank Limited,csbbank,26-NOV-2019,22-NOV-2019,   195,28-NOV-2019,04-DEC-2019,Rs.193 to Rs.195,EQ,CSBBANK,,2026-09-04 03:09:57
Mangalam Global Enterprise Limited,,20-NOV-2019,15-NOV-2019,41,,23-DEC-2020,51,SME,MGEL,Mangalam Global Enterprise Limited,2026-09-04 03:09:57
Vishwaraj Sugar Industries Limited,vishwaraj,04-OCT-2019,30-SEP-2019,    60,07-OCT-2019,15-OCT-2019,Rs.55 to Rs.60,BE,VISHWARAJ,,2026-09-04 03:09:57
Indian Railway Catering and Tourism Corporation Limited,irctc,03-OCT-2019,30-SEP-2019,   320,07-OCT-2019,14-OCT-2019,Rs.315 to Rs.320,EQ,IRCTC,,2026-09-04 03:09:57
Sona Hi Sona Jewellers (Gujarat) Limited,,04-OCT-2019,30-SEP-2019,10,,-,10,SME,SONAHISONA,Sona Hi Sona Jewellers (Gujarat) Limited,2026-09-04 03:09:57
Shiv Aum Steels Limited,,23-SEP-2019,19-SEP-2019,300,,14-NOV-2025,44,SME,SHIVAUM,Shiv Aum Steels Limited,2026-09-04 03:09:57
Salasar Exteriors And Contour Limited,,03-SEP-2019,28-AUG-2019,36,,12-SEP-2019,36,SME,SECL,Salasar Exteriors And Contour Limited,2026-09-04 03:09:57
Tata Capital Financial Services Ltd,tcfncd2,20-AUG-2019,13-AUG-2019,-,26-AUG-2019,-,Rs.1000,DEBT,TCFNCD2,,2026-09-04 03:09:57
Sterling & Wilson Solar Limited,swsl,08-AUG-2019,06-AUG-2019,-,09-AUG-2019,-,Rs.775 to Rs.780,EQ,SWSL,,2026-09-04 03:09:57
India Infoline Finance Limited,iiflnii,30-AUG-2019,06-AUG-2019,  1000,04-SEP-2019,09-SEP-2019,Rs.1000,NL,IIFLFIN,,2026-09-04 03:09:57
Spandana Sphoorty Financial Limited,spandana,07-AUG-2019,05-AUG-2019,   115,09-AUG-2019,18-AUG-2025,Rs.853 to Rs.856,E1,SSFLPP,,2026-09-04 03:09:57
Indiabulls Consumer Finance Limited,icfncd3,30-AUG-2019,31-JUL-2019,  1000,04-SEP-2019,11-SEP-2019,Rs.1000,NM,ICFL,,2026-09-04 03:09:57
Affle India Limited,affle,31-JUL-2019,29-JUL-2019,   745,02-AUG-2019,08-AUG-2019,Rs.740 to Rs.745,EQ,AFFLE,,2026-09-04 03:09:57
Wonder Fibromats Limited,,29-JUL-2019,22-JUL-2019,89,,06-AUG-2019,90,SME,WFL,Wonder Fibromats Limited,2026-09-04 03:09:57
Shriram Transport Finance Company Limited,stfncd9,16-AUG-2019,17-JUL-2019,  1000,19-AUG-2019,26-AUG-2019,Rs.1000,ZB,SRTRANSFIN,,2026-09-04 03:09:57
K.P.R. Agrochem Limited,kpragro,02-JUL-2019,28-JUN-2019,-,04-JUL-2019,-,Rs 59 to Rs 61,EQ,KPRAGRO,,2026-09-04 03:09:57
AB Infrabuild Limited,,03-JUL-2019,28-JUN-2019,29,,-,29,SME,ABINFRA,AB Infrabuild Limited,2026-09-04 03:09:57
IndiaMART InterMESH Limited,indiamart,26-JUN-2019,24-JUN-2019,   973,28-JUN-2019,04-JUL-2019,Rs 970 to Rs 973,EQ,INDIAMART,,2026-09-04 03:09:57
Alumilite Architecturals Limited,,28-JUN-2019,24-JUN-2019,30,,-,30,SME,ALUMILITE,Alumilite Architecturals Limited,2026-09-04 03:09:57
Sudarshan Pharma Industries Limited,,21-JUN-2019,12-JUN-2019,72,,-,72,SME,SUDARSHAN,Sudarshan Pharma Industries Limited,2026-09-04 03:09:57
Indiabulls Consumer Finance Limited,icfncd2,21-JUN-2019,30-MAY-2019,  1000,25-JUN-2019,11-SEP-2019,Rs 1000,NM,ICFL,,2026-09-04 03:09:57
Par Drugs and Chemicals Limited,,08-MAY-2019,03-MAY-2019,124,,16-SEP-2021,51,SME,PAR,Par Drugs and Chemicals Limited,2026-09-04 03:09:57
Neogen Chemicals Limited,neogen,26-APR-2019,24-APR-2019,   215,02-MAY-2019,08-MAY-2019,Rs 212 to Rs 215,BE,NEOGEN,,2026-09-04 03:09:57
Magma Fincorp Limited,mflncd1,30-APR-2019,08-APR-2019,  1000,02-MAY-2019,09-MAY-2019,Rs.1000,N7,MAGMA,,2026-09-04 03:09:57
L&T Finance Limited,ltfncd2,09-APR-2019,08-APR-2019,######,11-APR-2019,10-JUL-2026,Rs.1000,N0,783LTFL29,,2026-09-04 03:09:57
Polycab India Limited,polycab,09-APR-2019,05-APR-2019,   538,12-APR-2019,16-APR-2019,Rs 533 to Rs 538,EQ,POLYCAB,,2026-09-04 03:09:57
Metropolis Healthcare Limited,metropolis,05-APR-2019,03-APR-2019,   880,08-APR-2019,15-APR-2019,Rs 877 to Rs 880,EQ,METROPOLIS,,2026-09-04 03:09:57
Rail Vikas Nigam Limited,rvnl,03-APR-2019,29-MAR-2019,    19,05-APR-2019,11-APR-2019,Rs 17 to Rs 19,EQ,RVNL,,2026-09-04 03:09:57
OSIA Hyper Retail Limited,,28-MAR-2019,26-MAR-2019,295,,01-DEC-2022,252,SME,OSIAHYPER,OSIA Hyper Retail Limited,2026-09-04 03:09:57
KHFM Hospitality and Facility Management Serv Ltd,,04-APR-2019,22-MAR-2019,36,,12-APR-2019,36,SME,KHFM,KHFM Hospitality and Facility Management Serv Ltd,2026-09-04 03:09:57
Embassy Office Parks REIT,embassy,20-MAR-2019,18-MAR-2019,   300,22-MAR-2019,01-APR-2019,Rs 299 to Rs 300,RR,EMBASSY,,2026-09-04 03:09:57
Artedz Fabs Limited,,20-MAR-2019,18-MAR-2019,36,,29-MAR-2019,34 to 36,SME,ARTEDZ,Artedz Fabs Limited,2026-09-04 03:09:57
MSTC Limited,mstc,20-MAR-2019,13-MAR-2019,   120,22-MAR-2019,29-MAR-2019,Rs 120 to Rs 128,EQ,MSTCLTD,,2026-09-04 03:09:57
L&T Finance Limited,ltfsncd1,07-MAR-2019,06-MAR-2019,######,11-MAR-2019,10-JUL-2026,Rs.1000,N0,783LTFL29,,2026-09-04 03:09:57
Mindpool Technologies Limited,,20-FEB-2019,14-FEB-2019,30,,28-FEB-2019,30,SME,MINDPOOL,Mindpool Technologies Limited,2026-09-04 03:09:57
Indiabulls Consumer Finance Limited,icflncdi,01-MAR-2019,04-FEB-2019,  1000,05-MAR-2019,11-SEP-2019,Rs.1000,NM,ICFL,,2026-09-04 03:09:57
Chalet Hotels Limited,chalet,31-JAN-2019,29-JAN-2019,   280,02-FEB-2019,07-FEB-2019,Rs.275 to Rs.280,EQ,CHALET,,2026-09-04 03:09:57
Surani Steel Tubes Limited,,29-JAN-2019,25-JAN-2019,52,,06-FEB-2019,51 to 52,SME,SURANI,Surani Steel Tubes Limited,2026-09-04 03:09:57
Xelpmoc Design and Tech Limited,xelpmoc,25-JAN-2019,23-JAN-2019,    66,29-JAN-2019,04-FEB-2019,Rs.62 to Rs.66,BE,XELPMOC,,2026-09-04 03:09:57
India Infoline Finance Limited,iiflfncd,01-FEB-2019,22-JAN-2019,  1000,02-FEB-2019,09-SEP-2019,Rs.1000,NL,IIFLFIN,,2026-09-04 03:09:57
Shriram Transport Finance Company Limited,stncdt3,31-JAN-2019,07-JAN-2019,  1000,01-FEB-2019,26-AUG-2019,Rs.1000,ZB,SRTRANSFIN,,2026-09-04 03:09:57
ECL Finance Limited,eclncdv,31-DEC-2018,13-DEC-2018,  1000,02-JAN-2019,01-DEC-2025,Rs.1000,N2,925ECL28,,2026-09-04 03:09:57
DRS Dilip Roadlines Limited,,30-NOV-2018,27-NOV-2018,75,,10-DEC-2018,75,SME,DRSDILIP,DRS Dilip Roadlines Limited,2026-09-04 03:09:57
Shubhlaxmi Jewel Art Limited,,27-NOV-2018,22-NOV-2018,26,,04-DEC-2018,26,SME,SHUBHLAXMI,Shubhlaxmi Jewel Art Limited,2026-09-04 03:09:57
ICL Multitrading India Limited,,03-DEC-2018,19-NOV-2018,85,,-,85,SME,ICL,ICL Multitrading India Limited,2026-09-04 03:09:57
Shriram Transport Finance Company Limited,stncdt2,29-OCT-2018,15-OCT-2018,  1000,31-OCT-2018,26-AUG-2019,Rs.1000,ZB,SRTRANSFIN,,2026-09-04 03:09:57
Ultra Wiring Connectivity System Limited,,17-OCT-2018,12-OCT-2018,35,,26-OCT-2018,35,SME,UWCSL,Ultra Wiring Connectivity System Limited,2026-09-04 03:09:57
Iris Clothings Limited,,12-OCT-2018,10-OCT-2018,60,,22-FEB-2021,90,SME,IRISDOREME,Iris Clothings Limited,2026-09-04 03:09:57
Dinesh Engineers Limited,depl,03-OCT-2018,28-SEP-2018,-,05-OCT-2018,-,Rs 183 to Rs 185,EQ,DEPL,,2026-09-04 03:09:57
Marine Electricals (India) Limited,,03-OCT-2018,28-SEP-2018,191.05,,02-DEC-2020,64 to 66,SME,MARINE,Marine Electricals (India) Limited,2026-09-04 03:09:57
Vinny Overseas Limited,,03-OCT-2018,28-SEP-2018,80,,28-NOV-2022,40,SME,VINNY,Vinny Overseas Limited,2026-09-04 03:09:57
B&B Triplewall Containers Limited,,05-OCT-2018,28-SEP-2018,230,,23-NOV-2022,36,SME,BBTCL,B&B Triplewall Containers Limited,2026-09-04 03:09:57
Silgo Retail Limited,,03-OCT-2018,27-SEP-2018,30,,19-FEB-2026,36,SME,SILGOPP,Silgo Retail Limited,2026-09-04 03:09:57
Kritika Wires Limited,,01-OCT-2018,26-SEP-2018,40,,04-MAY-2022,32,SME,KRITIKA,Kritika Wires Limited,2026-09-04 03:09:57
Parin Furniture Limited,,28-SEP-2018,26-SEP-2018,63,,09-OCT-2018,60 to 63,SME,PARIN,Parin Furniture Limited,2026-09-04 03:09:57
Aavas Financiers Limited,aavas,27-SEP-2018,25-SEP-2018,   821,28-SEP-2018,08-OCT-2018,Rs 818 to Rs 821,EQ,AAVAS,,2026-09-04 03:09:57
Garden Reach Shipbuilders & Engineers Limited,grse,01-OCT-2018,24-SEP-2018,   118,04-OCT-2018,10-OCT-2018,Rs 114 to Rs 118,EQ,GRSE,,2026-09-04 03:09:57
Rajnandini Metal Limited,,27-SEP-2018,24-SEP-2018,31.05,,16-FEB-2021,26,SME,RAJMET,Rajnandini Metal Limited,2026-09-04 03:09:57
Kshitij Polyline Limited,,27-SEP-2018,21-SEP-2018,31,,27-JUL-2022,35,SME,KSHITIJPOL,Kshitij Polyline Limited,2026-09-04 03:09:57
Ircon International Limited,ircon,19-SEP-2018,17-SEP-2018,   475,24-SEP-2018,28-SEP-2018,Rs 470 to Rs 475,EQ,IRCON,,2026-09-04 03:09:57
Spectrum Electrical Industries Limited,,21-SEP-2018,17-SEP-2018,1833,,28-MAR-2025,65,SME,SPECTRUM,Spectrum Electrical Industries Limited,2026-09-04 03:09:57
Indiabulls Commercial Credit Limited,icclncd1,14-SEP-2018,11-SEP-2018,  1000,17-SEP-2018,27-APR-2023,Rs.1000,NZ,IBUCCREDIT,,2026-09-04 03:09:57
Ahlada Engineers Limited,,18-SEP-2018,11-SEP-2018,69.5,,28-JAN-2021,147 to 150,SME,AHLADA,Ahlada Engineers Limited,2026-09-04 03:09:57
Tata Capital Financial Services Limited,tcfslncd,18-SEP-2018,10-SEP-2018,######,21-SEP-2018,12-DEC-2023,Rs.1000,YD,TCFSL,,2026-09-04 03:09:57
Rajshree Polypack Limited,,12-SEP-2018,10-SEP-2018,119 to 121,,24-SEP-2018,119 to 121,SME,RPPL,Rajshree Polypack Limited,2026-09-04 03:09:57
AKG Exim Limited,,14-SEP-2018,10-SEP-2018,93.3,,16-FEB-2021,31,SME,AKG,AKG Exim Limited,2026-09-04 03:09:57
Lagnam Spintex Limited,,07-SEP-2018,04-SEP-2018,41,,30-SEP-2021,41,SME,LAGNAM,Lagnam Spintex Limited,2026-09-04 03:09:57
Sumit Woods Limited,,31-AUG-2018,29-AUG-2018,23.85,,30-JUL-2019,Rs 43 to Rs 45,SME,SUMIT,Sumit Woods Limited,2026-09-04 03:09:57
Marshall Machines Limited,,30-AUG-2018,28-AUG-2018,33,,22-NOV-2021,42,SME,MARSHALL,Marshall Machines Limited,2026-09-04 03:09:57
Supreme Engineering Limited,,29-AUG-2018,24-AUG-2018,23,,04-DEC-2020,Rs 27 to Rs 32,SME,SUPREMEENG,Supreme Engineering Limited,2026-09-04 03:09:57
Dangee Dums Limited,,24-AUG-2018,20-AUG-2018,92,,13-NOV-2020,74,SME,DANGEE,Dangee Dums Limited,2026-09-04 03:09:57
Aaron Industries Limited,,24-AUG-2018,20-AUG-2018,27,,06-NOV-2020,38,SME,AARON,Aaron Industries Limited,2026-09-04 03:09:57
Powerful Technologies Limited,,17-AUG-2018,09-AUG-2018,51,,28-AUG-2018,51,SME,POWERFUL,Powerful Technologies Limited,2026-09-04 03:09:57
CreditAccess Grameen Limited,creditacc,10-AUG-2018,08-AUG-2018,  1000,12-AUG-2018,11-SEP-2023,Rs 418 to Rs 422,NE,CREDITACC,,2026-09-04 03:09:57
Saketh Exim Limited,,03-AUG-2018,01-AUG-2018,69,,13-AUG-2018,69,SME,SAKETH,Saketh Exim Limited,2026-09-04 03:09:57
HDFC Asset Management Company Limited,hdfcamc,27-JUL-2018,25-JUL-2018,  1100,30-JUL-2018,06-AUG-2018,Rs.1095 to Rs.1100,EQ,HDFCAMC,,2026-09-04 03:09:57
ECL Finance Limited,eclncdiv,26-JUL-2018,24-JUL-2018,  1000,27-JUL-2018,01-DEC-2025,Rs.1000,N2,925ECL28,,2026-09-04 03:09:57
Ushanti Colour Chem Limited,,25-JUL-2018,23-JUL-2018,60,,02-AUG-2018,60,SME,UCL,Ushanti Colour Chem Limited,2026-09-04 03:09:57
TCNS Clothing Co. Limited,tcns,20-JUL-2018,18-JUL-2018,   716,23-JUL-2018,30-JUL-2018,Rs.714 to Rs.716,EQ,TCNSBRANDS,,2026-09-04 03:09:57
Avon Moldplast Limited,,18-JUL-2018,12-JUL-2018,51,,26-JUL-2018,51,SME,AVONMPL,Avon Moldplast Limited,2026-09-04 03:09:57
Ambani Organics Limited,,10-JUL-2018,06-JUL-2018,66,,18-JUL-2018,66,SME,AMBANIORG,Ambani Organics Limited,2026-09-04 03:09:57
Rudrabhishek Enterprises Limited,,05-JUL-2018,29-JUN-2018,96,,14-DEC-2020,41,SME,REPL,Rudrabhishek Enterprises Limited,2026-09-04 03:09:57
Jakharia Fabric Limited,,03-JUL-2018,29-JUN-2018,180,,11-JUL-2018,180,SME,JAKHARIA,Jakharia Fabric Limited,2026-09-04 03:09:57
Ganga Forging Limited,,03-JUL-2018,29-JUN-2018,93,,06-JUL-2021,21,SME,GANGAFORGE,Ganga Forging Limited,2026-09-04 03:09:57
Shriram Transport Finance Company Limited - NCD 8,stfncd8,03-JUL-2018,27-JUN-2018,-,05-JUL-2018,-,Rs 1000,DEBT,STFNCD8,,2026-09-04 03:09:57
Varroc Engineering Limited,varroc,28-JUN-2018,26-JUN-2018,   967,30-JUN-2018,06-JUL-2018,Rs 965 to Rs 967,EQ,VARROC,,2026-09-04 03:09:57
Bright Solar Limited,,29-JUN-2018,26-JUN-2018,36,,09-JUL-2018,36,SME,BRIGHT,Bright Solar Limited,2026-09-04 03:09:57
RITES Limited,rites,22-JUN-2018,20-JUN-2018,   185,26-JUN-2018,02-JUL-2018,Rs 180 to Rs 185,EQ,RITES,,2026-09-04 03:09:57
Fine Organic Industries Limited,fineorg,22-JUN-2018,20-JUN-2018,   783,26-JUN-2018,02-JUL-2018,Rs 780 to Rs 783,EQ,FINEORG,,2026-09-04 03:09:57
Accuracy Shipping Limited,,14-JUN-2018,11-JUN-2018,27,,11-DEC-2020,81 to 84,SME,ACCURACY,Accuracy Shipping Limited,2026-09-04 03:09:57
Priti International Limited,,13-JUN-2018,11-JUN-2018,66,,02-MAR-2022,75,SME,PRITI,Priti International Limited,2026-09-04 03:09:57
Shreeoswal Seeds and Chemicals Limited,,12-JUN-2018,07-JUN-2018,348,,28-FEB-2023,25 to 26,SME,OSWALSEEDS,Shreeoswal Seeds and Chemicals Limited,2026-09-04 03:09:57
Sonam Clock Limited,,06-JUN-2018,01-JUN-2018,75,,07-APR-2022,36,SME,SONAMCLOCK,Sonam Clock Limited,2026-09-04 03:09:57
Sorich Foils Limited,,25-MAY-2018,24-MAY-2018,16,,-,16,SME,SORICH,Sorich Foils Limited,2026-09-04 03:09:57
Debock Sales and Marketing Limited,,28-MAY-2018,24-MAY-2018,20,,05-JUN-2018,20,SME,DSML,Debock Sales and Marketing Limited,2026-09-04 03:09:57
Latteys Industries Limited,,28-MAY-2018,23-MAY-2018,35,,23-MAY-2023,66,SME,LATTEYS,Latteys Industries Limited,2026-09-04 03:09:57
Shree Vasu Logistics Limited,,25-MAY-2018,23-MAY-2018,127,,21-APR-2023,45,SME,SVLL,Shree Vasu Logistics Limited,2026-09-04 03:09:57
Dewan Housing Finance Corporation Limited,dhflncd3,24-MAY-2018,22-MAY-2018,  1000,30-MAY-2018,06-JUN-2018,Rs 1000,NZ,DHFL,,2026-09-04 03:09:57
Suumaya Lifestyle Limited,,25-MAY-2018,22-MAY-2018,55,,19-OCT-2020,18,SME,SUULD,Suumaya Lifestyle Limited,2026-09-04 03:09:57
Sirca Paints India Limited,,22-MAY-2018,16-MAY-2018,202,,22-JUL-2019,151 to 160,SME,SIRCA,Sirca Paints India Limited,2026-09-04 03:09:57
IndoStar Capital Finance Limited,indostar,11-MAY-2018,09-MAY-2018,######,15-MAY-2018,28-JUL-2026,Rs 570 to Rs 572,N0,915ICFL28A,,2026-09-04 03:09:57
Five Core Electronics Limited,,11-MAY-2018,09-MAY-2018,140,,21-MAY-2018,140,SME,FIVECORE,Five Core Electronics Limited,2026-09-04 03:09:57
E2E Networks Limited,,07-MAY-2018,03-MAY-2018,124,,12-APR-2022,57,SME,E2E,E2E Networks Limited,2026-09-04 03:09:57
SoftTech Engineers Limited,,03-MAY-2018,27-APR-2018,131,,25-FEB-2022,78 to 80,SME,SOFTTECH,SoftTech Engineers Limited,2026-09-04 03:09:57
Godha Cabcon and Insulation Limited,,03-MAY-2018,27-APR-2018,30 to 33,,11-MAY-2018,30 to 33,SME,GODHA,Godha Cabcon and Insulation Limited,2026-09-04 03:09:57
Aakash Exploration Services Limited,,19-APR-2018,17-APR-2018,53,,29-SEP-2020,56,SME,AAKASH,Aakash Exploration Services Limited,2026-09-04 03:09:57
Mahickra Chemicals Limited,,18-APR-2018,16-APR-2018,Rs. 24 to Rs. 25,,26-APR-2018,Rs. 24 to Rs. 25,SME,MAHICKRA,Mahickra Chemicals Limited,2026-09-04 03:09:57
Bombay Super Hybrid Seeds Limited,,17-APR-2018,12-APR-2018,92,,28-OCT-2020,60,SME,BSHSL,Bombay Super Hybrid Seeds Limited,2026-09-04 03:09:57
Power and Instrumentation (Gujarat) Limited,,13-APR-2018,11-APR-2018,33,,23-APR-2018,33,SME,PIGL,Power and Instrumentation (Gujarat) Limited,2026-09-04 03:09:57
Vera Synthetic Limited,,04-APR-2018,28-MAR-2018,40,,12-APR-2018,40,SME,VERA,Vera Synthetic Limited,2026-09-04 03:09:57
AVG Logistics Limited,,03-APR-2018,28-MAR-2018,168,,12-MAY-2023,105 to 107,SME,AVG,AVG Logistics Limited,2026-09-04 03:09:57
MMP Industries Limited,,04-APR-2018,28-MAR-2018,105,,09-JAN-2020,186 to 188,SME,MMP,MMP Industries Limited,2026-09-04 03:09:57
S S Infrastructure Development Consultants Limited,,05-APR-2018,28-MAR-2018,37 to 40,,12-APR-2018,37 to 40,SME,SSINFRA,S S Infrastructure Development Consultants Limited,2026-09-04 03:09:57
Soni Soya Products Limited,,04-APR-2018,28-MAR-2018,25,,12-APR-2018,25,SME,SONISOYA,Soni Soya Products Limited,2026-09-04 03:09:57
Narmada Agrobase Limited,,11-APR-2018,28-MAR-2018,22,,27-OCT-2022,32,SME,NARMADA,Narmada Agrobase Limited,2026-09-04 03:09:57
Lemon Tree Hotels Limited,lemontree,28-MAR-2018,26-MAR-2018,    56,02-APR-2018,09-APR-2018,Rs 54 to Rs 56,EQ,LEMONTREE,,2026-09-04 03:09:57
Penta Gold Limited,,27-MAR-2018,23-MAR-2018,37,,25-APR-2018,37,SME,PENTAGLTD,Penta Gold Limited,2026-09-04 03:09:57
ICICI Securities Limited,isec,26-MAR-2018,22-MAR-2018,######,28-MAR-2018,26-NOV-2025,Rs 519 to Rs 520,N0,745ISL28,,2026-09-04 03:09:57
Mishra Dhatu Nigam Limited,midhani,23-MAR-2018,21-MAR-2018,    90,28-MAR-2018,04-APR-2018,Rs 87 to Rs 90,EQ,MIDHANI,,2026-09-04 03:09:57
Continental Seeds and Chemicals Limited,,23-MAR-2018,21-MAR-2018,26,,04-APR-2018,26,SME,CONTI,Continental Seeds and Chemicals Limited,2026-09-04 03:09:57
Kapston Facilities Management Limited,,23-MAR-2018,21-MAR-2018,91,,27-MAY-2020,92,SME,KAPSTON,Kapston Facilities Management Limited,2026-09-04 03:09:57
Sandhar Technologies Limited,sandhar,21-MAR-2018,19-MAR-2018,   332,24-MAR-2018,02-APR-2018,Rs 327 to Rs 332,EQ,SANDHAR,,2026-09-04 03:09:57
Mittal Life Style Limited,,21-MAR-2018,19-MAR-2018,103,,29-APR-2020,21,SME,MITTAL,Mittal Life Style Limited,2026-09-04 03:09:57
Giriraj Civil Developers Limited,,21-MAR-2018,19-MAR-2018,100,,02-APR-2018,100,SME,GIRIRAJ,Giriraj Civil Developers Limited,2026-09-04 03:09:57
Hindustan Aeronautics Limited,hal,20-MAR-2018,16-MAR-2018,  1215,22-MAR-2018,28-MAR-2018,Rs 1215 to Rs 1240,EQ,HAL,,2026-09-04 03:09:57
Karda Constructions Limited,karda,21-MAR-2018,16-MAR-2018,   180,22-MAR-2018,02-APR-2018,Rs 175 to Rs 180,EQ,KARDA,,2026-09-04 03:09:57
Uravi T and Wedge Lamps Limited,,20-MAR-2018,16-MAR-2018,265,,05-JUL-2023,100,SME,URAVI,Uravi T and Wedge Lamps Limited,2026-09-04 03:09:57
Bandhan Bank Limited,bandhanbnk,19-MAR-2018,15-MAR-2018,   375,22-MAR-2018,27-MAR-2018,Rs 370 to Rs 375,EQ,BANDHANBNK,,2026-09-04 03:09:57
Bharat Dynamics Limited,bdl,15-MAR-2018,13-MAR-2018,   428,20-MAR-2018,23-MAR-2018,Rs 413 to Rs 428,EQ,BDL,,2026-09-04 03:09:57
Tara Chand Logistic Solutions Limited,,15-MAR-2018,13-MAR-2018,55,,23-MAR-2018,55,SME,TARACHAND,Tara Chand Logistic Solutions Limited,2026-09-04 03:09:57
Marvel Decor Limited,,15-MAR-2018,12-MAR-2018,57,,23-MAR-2018,57,SME,MDL,Marvel Decor Limited,2026-09-04 03:09:57
Macpower CNC Machines Limited,,14-MAR-2018,12-MAR-2018,50.35,,19-AUG-2020,126 to 140,SME,MACPOWER,Macpower CNC Machines Limited,2026-09-04 03:09:57
Edelweiss Retail Finance Limited,erflncdi,14-MAR-2018,07-MAR-2018,  1000,19-MAR-2018,26-MAR-2018,Rs 1000,N6,ERFLNCDI,,2026-09-04 03:09:57
Sarveshwar Foods Limited,,07-MAR-2018,05-MAR-2018,70,,08-DEC-2022,83 to 85,SME,SARVESHWAR,Sarveshwar Foods Limited,2026-09-04 03:09:57
Uniinfo Telecom Services Limited,,07-MAR-2018,05-MAR-2018,43,,12-JAN-2022,55,SME,UNIINFO,Uniinfo Telecom Services Limited,2026-09-04 03:09:57
H.G.Infra Engineering Limited,hginfra,28-FEB-2018,26-FEB-2018,   270,06-MAR-2018,09-MAR-2018,Rs 263 to Rs 270,EQ,HGINFRA,,2026-09-04 03:09:57
Hindcon Chemicals Limited,,28-FEB-2018,26-FEB-2018,39,,05-JUL-2021,28,SME,HINDCON,Hindcon Chemicals Limited,2026-09-04 03:09:57
CKP Leisure Limited,,23-FEB-2018,21-FEB-2018,30,,06-MAR-2018,30,SME,CKPLEISURE,CKP Leisure Limited,2026-09-04 03:09:57
Aster DM Healthcare Limited,asterdm,15-FEB-2018,12-FEB-2018,   190,19-FEB-2018,26-FEB-2018,Rs 180 to Rs 190,EQ,ASTERDM,,2026-09-04 03:09:57
SREI Infrastructure Finance Limited,siflncdx,07-MAR-2018,09-FEB-2018,  1000,09-MAR-2018,21-MAR-2018,Rs 1000,YC,SREINFRA,,2026-09-04 03:09:57
Arvee Laboratories India Limited,,14-FEB-2018,09-FEB-2018,61,,22-FEB-2018,61,SME,ARVEE,Arvee Laboratories India Limited,2026-09-04 03:09:57
South West Pinnacle Exploration Limited,,08-FEB-2018,06-FEB-2018,78,,19-FEB-2018,76 to 78,SME,SOUTHWEST,South West Pinnacle Exploration Limited,2026-09-04 03:09:57
Sintercom India Limited,,07-FEB-2018,05-FEB-2018,80,,07-OCT-2020,63 to 65,SME,SINTERCOM,Sintercom India Limited,2026-09-04 03:09:57
Banka BioLoo Limited,,16-FEB-2018,05-FEB-2018,31.55,,29-OCT-2020,115,SME,BANKA,Banka BioLoo Limited,2026-09-04 03:09:57
Mohini Health and Hygiene Limited,,07-FEB-2018,05-FEB-2018,42,,16-FEB-2018,40 to 42,SME,MHHL,Mohini Health and Hygiene Limited,2026-09-04 03:09:57
Galaxy Surfactants Limited,galaxyipo,31-JAN-2018,29-JAN-2018,  1480,07-FEB-2018,08-FEB-2018,Rs 1470 to Rs 1480,EQ,GALAXYSURF,,2026-09-04 03:09:57
A and M Jumbo Bags  Limited,,02-FEB-2018,29-JAN-2018,65,,12-FEB-2018,-,SME,AMJUMBO,A and M Jumbo Bags  Limited,2026-09-04 03:09:57
Vasa Retail and Overseas  Limited,,29-JAN-2018,24-JAN-2018,30,,06-FEB-2018,30,SME,VASA,Vasa Retail and Overseas  Limited,2026-09-04 03:09:57
Shree Ram Proteins Limited,,25-JAN-2018,23-JAN-2018,35.3,,23-SEP-2020,27 to 31,SME,SRPL,Shree Ram Proteins Limited,2026-09-04 03:09:57
Solex Energy Limited,,25-JAN-2018,22-JAN-2018,1694,,08-OCT-2025,52,SME,SOLEX,Solex Energy Limited,2026-09-04 03:09:57
Amber Enterprises India Limited,amber,19-JAN-2018,17-JAN-2018,   859,24-JAN-2018,30-JAN-2018,Rs 855 to Rs 859,EQ,AMBER,,2026-09-04 03:09:57
Newgen Software Technologies Limited,newgen,18-JAN-2018,16-JAN-2018,   245,24-JAN-2018,29-JAN-2018,Rs 240 to Rs 245,EQ,NEWGEN,,2026-09-04 03:09:57
Apollo Micro Systems Limited,apollo,12-JAN-2018,10-JAN-2018,   275,16-JAN-2018,22-JAN-2018,Rs 270 to Rs 275,BE,APOLLO,,2026-09-04 03:09:57
S K S Textiles Limited,,11-JAN-2018,09-JAN-2018,150,,19-JAN-2018,150,SME,SKSTEXTILE,S K S Textiles Limited,2026-09-04 03:09:57
Silly Monks Entertainment Limited,,10-JAN-2018,05-JAN-2018,25,,08-JUL-2020,120,SME,SILLYMONKS,Silly Monks Entertainment Limited,2026-09-04 03:09:57
Brand Concepts Limited,,02-JAN-2018,29-DEC-2017,46,,11-JAN-2022,45,SME,BCONCEPTS,Brand Concepts Limited,2026-09-04 03:09:57
Moksh Ornaments Limited,,26-DEC-2017,21-DEC-2017,64,,21-MAY-2021,37,SME,MOKSH,Moksh Ornaments Limited,2026-09-04 03:09:57
Ajooni Biotech Limited,,22-DEC-2017,20-DEC-2017,40,,07-MAY-2021,30,SME,AJOONI,Ajooni Biotech Limited,2026-09-04 03:09:57
Astron Paper & Board Mills Limited,astron,20-DEC-2017,15-DEC-2017,    50,23-DEC-2017,29-DEC-2017,Rs 45 to Rs 50,EQ,ASTRON,,2026-09-04 03:09:57
SMVD Poly Pack Limited,,15-DEC-2017,13-DEC-2017,55,,26-DEC-2017,55,SME,SMVD,SMVD Poly Pack Limited,2026-09-04 03:09:57
One Point One Solutions Limited,,15-DEC-2017,13-DEC-2017,39.8,,09-MAY-2019,65 to 67,SME,ONEPOINT,One Point One Solutions Limited,2026-09-04 03:09:57
Touchwood Entertainment Limited,,13-DEC-2017,11-DEC-2017,89,,21-JAN-2020,40,SME,TOUCHWOOD,Touchwood Entertainment Limited,2026-09-04 03:09:57
Future Supply Chain Solutions Limited,fsc,08-DEC-2017,06-DEC-2017,   664,12-DEC-2017,18-DEC-2017,Rs 660 to Rs 664,EQ,FSC,,2026-09-04 03:09:57
Shalby Limited,shalby,07-DEC-2017,05-DEC-2017,   248,12-DEC-2017,15-DEC-2017,Rs 245 to Rs 248,EQ,SHALBY,,2026-09-04 03:09:57
Innovana Thinklabs Limited,,04-DEC-2017,29-NOV-2017,467,,17-DEC-2024,70,SME,INNOVANA,Innovana Thinklabs Limited,2026-09-04 03:09:57
Ice Make Refrigeration Limited,,30-NOV-2017,27-NOV-2017,55,,12-OCT-2020,55 to 57,SME,ICEMAKE,Ice Make Refrigeration Limited,2026-09-04 03:09:57
Shradha Infraprojects (Nagpur) Limited,,30-NOV-2017,27-NOV-2017,34.3,,22-OCT-2020,70,SME,SHRADHA,Shradha Infraprojects (Nagpur) Limited,2026-09-04 03:09:57
Felix Industries Limited,,27-NOV-2017,23-NOV-2017,35,,05-DEC-2017,35,SME,FELIX,Felix Industries Limited,2026-09-04 03:09:57
Zodiac Energy Limited,,27-NOV-2017,23-NOV-2017,30,,14-DEC-2021,52,SME,ZODIAC,Zodiac Energy Limited,2026-09-04 03:09:57
Silver Touch Technologies limited,,23-NOV-2017,20-NOV-2017,213,,12-MAY-2022,121,SME,SILVERTUC,Silver Touch Technologies limited,2026-09-04 03:09:57
Vertoz Advertising Limited,,16-NOV-2017,14-NOV-2017,72,,14-MAY-2020,108,SME,VERTOZ,Vertoz Advertising Limited,2026-09-04 03:09:57
Pulz Electronics Limited,,16-NOV-2017,14-NOV-2017,54,,24-NOV-2017,51 to 54,SME,PULZ,Pulz Electronics Limited,2026-09-04 03:09:57
ANI Integrated Services Limited,,10-NOV-2017,08-NOV-2017,100,,20-NOV-2017,100,SME,AISL,ANI Integrated Services Limited,2026-09-04 03:09:57
HDFC Standard Life Insurance Company Limited,hdfclife,09-NOV-2017,07-NOV-2017,   290,15-NOV-2017,17-NOV-2017,Rs 275 to Rs 290,EQ,HDFCLIFE,,2026-09-04 03:09:57
Khadim India Limited,khadim,06-NOV-2017,02-NOV-2017,   750,10-NOV-2017,14-NOV-2017,Rs 745 to Rs 750,EQ,KHADIM,,2026-09-04 03:09:57
The New India Assurance Company Limited,niacl,03-NOV-2017,01-NOV-2017,   800,10-NOV-2017,13-NOV-2017,Rs 770 to Rs 800,EQ,NIACL,,2026-09-04 03:09:57
Secur Credentials Limited,,03-NOV-2017,01-NOV-2017,71.35,,17-OCT-2022,205,SME,SECURCRED,Secur Credentials Limited,2026-09-04 03:09:57
Mahindra Logistics Limited,mahlog,02-NOV-2017,31-OCT-2017,   429,10-NOV-2017,10-NOV-2017,Rs 425 to Rs 429,EQ,MAHLOG,,2026-09-04 03:09:57
Reliance Nippon Life Asset Management Limited,rnam,27-OCT-2017,25-OCT-2017,   252,03-NOV-2017,06-NOV-2017,Rs 247 to Rs 252,EQ,RNAM,,2026-09-04 03:09:57
General Insurance Corporation Of India,gicre,13-OCT-2017,11-OCT-2017,   912,24-OCT-2017,25-OCT-2017,Rs 855 to Rs 912,EQ,GICRE,,2026-09-04 03:09:57
Indian Energy Exchange Limited,iex,11-OCT-2017,09-OCT-2017,  1650,16-OCT-2017,23-OCT-2017,Rs 1645 to Rs 1650,EQ,IEX,,2026-09-04 03:09:57
D.P. Abhushan Limited,,11-OCT-2017,09-OCT-2017,28,,23-OCT-2017,28,SME,DPABHUSHAN,D.P. Abhushan Limited,2026-09-04 03:09:57
MAS Financial Services Limited,masfin,10-OCT-2017,06-OCT-2017,   459,16-OCT-2017,18-OCT-2017,Rs 456 to Rs 459,EQ,MASFIN,,2026-09-04 03:09:57
Godrej Agrovet Limited,godrejagro,06-OCT-2017,04-OCT-2017,   460,13-OCT-2017,16-OCT-2017,Rs 450 to Rs 460,EQ,GODREJAGRO,,2026-09-04 03:09:57
Tirupati  Forge Limited,,04-OCT-2017,29-SEP-2017,29,,12-OCT-2017,29,SME,FORGE,Tirupati  Forge Limited,2026-09-04 03:09:57
Beta  Drugs Limited,,04-OCT-2017,29-SEP-2017,85,,12-OCT-2017,85,SME,BETA,Beta  Drugs Limited,2026-09-04 03:09:57
CMM Infraprojects Limited,,04-OCT-2017,29-SEP-2017,40,,12-OCT-2017,40,SME,CMMIPL,CMM Infraprojects Limited,2026-09-04 03:09:57
Milton Industries Limited,,06-OCT-2017,29-SEP-2017,34,,16-OCT-2017,34,SME,MILTON,Milton Industries Limited,2026-09-04 03:09:57
Omfurn India Limited,,05-OCT-2017,29-SEP-2017,23,,13-OCT-2017,23,SME,OMFURN,Omfurn India Limited,2026-09-04 03:09:57
Jash Engineering Limited,,03-OCT-2017,28-SEP-2017,95,,30-OCT-2019,115 to 120,SME,JASH,Jash Engineering Limited,2026-09-04 03:09:57
Goldstar Power Limited,,29-SEP-2017,27-SEP-2017,25,,10-OCT-2017,25,SME,GOLDSTAR,Goldstar Power Limited,2026-09-04 03:09:57
Reliable Data Services Limited,,03-OCT-2017,27-SEP-2017,48,,10-JUL-2024,57,SME,RELIABLE,Reliable Data Services Limited,2026-09-04 03:09:57
RKEC Projects Limited,,28-SEP-2017,25-SEP-2017,36,,18-DEC-2020,45,SME,RKEC,RKEC Projects Limited,2026-09-04 03:09:57
Airo Lam Limited,,27-SEP-2017,25-SEP-2017,74,,13-OCT-2021,36 to 38,SME,AIROLAM,Airo Lam Limited,2026-09-04 03:09:57
Prataap Snacks Limited,diamondyd,26-SEP-2017,22-SEP-2017,   938,04-OCT-2017,05-OCT-2017,Rs 930 to Rs 938,EQ,DIAMONDYD,,2026-09-04 03:09:57
Innovative Tyres and Tubes Limited,,26-SEP-2017,22-SEP-2017,45,,05-OCT-2017,42 to 45,SME,INNOVATIVE,Innovative Tyres and Tubes Limited,2026-09-04 03:09:57
Aarvi Encon Limited,,26-SEP-2017,21-SEP-2017,22,,24-JUN-2020,54,SME,AARVI,Aarvi Encon Limited,2026-09-04 03:09:57
Cadsys (India) Limited,,25-SEP-2017,21-SEP-2017,70,,04-OCT-2017,70,SME,CADSYS,Cadsys (India) Limited,2026-09-04 03:09:57
Shree Tirupati Balajee FIBC Limited,,26-SEP-2017,21-SEP-2017,40,,05-OCT-2017,36 to 40,SME,TIRUPATI,Shree Tirupati Balajee FIBC Limited,2026-09-04 03:09:57
D P Wires Limited,,26-SEP-2017,21-SEP-2017,76,,17-JAN-2020,75,SME,DPWIRES,D P Wires Limited,2026-09-04 03:09:57
SBI Life Insurance Company Limited,sbilife,22-SEP-2017,20-SEP-2017,   700,29-SEP-2017,03-OCT-2017,Rs 685 to Rs 700,EQ,SBILIFE,,2026-09-04 03:09:57
R M Drip and Sprinklers Systems Limited,,25-SEP-2017,19-SEP-2017,610,,30-JUL-2025,53 to 57,SME,RMDRIP,R M Drip and Sprinklers Systems Limited,2026-09-04 03:09:57
Madhya Pradesh Today Media Limited,,21-SEP-2017,19-SEP-2017,66,,29-SEP-2017,66,SME,MPTODAY,Madhya Pradesh Today Media Limited,2026-09-04 03:09:57
ICICI Lombard General Insurance Company Limited,icicigi,19-SEP-2017,15-SEP-2017,   661,25-SEP-2017,27-SEP-2017,Rs. 651 to Rs.661,EQ,ICICIGI,,2026-09-04 03:09:57
Worth Peripherals Limited,,19-SEP-2017,15-SEP-2017,44,,04-AUG-2020,40 to 43,SME,WORTH,Worth Peripherals Limited,2026-09-04 03:09:57
Sri Krishna Metcom Limited,,18-SEP-2017,14-SEP-2017,55,,26-SEP-2017,55,SME,SKML,Sri Krishna Metcom Limited,2026-09-04 03:09:57
Capacit'e Infraprojects Limited,capacite,15-SEP-2017,13-SEP-2017,   250,25-SEP-2017,25-SEP-2017,Rs. 245 to Rs. 250,EQ,CAPACITE,,2026-09-04 03:09:57
Matrimony.com Limited,matrimony,13-SEP-2017,11-SEP-2017,   985,21-SEP-2017,21-SEP-2017,Rs 983 to Rs 985,EQ,MATRIMONY,,2026-09-04 03:09:57
Dixon Technologies (India) Limited,dixon,08-SEP-2017,06-SEP-2017,  1766,18-SEP-2017,18-SEP-2017,Rs 1760 to Rs 1766,EQ,DIXON,,2026-09-04 03:09:57
Bharat Road Network Limited,brnl,08-SEP-2017,06-SEP-2017,   205,18-SEP-2017,18-SEP-2017,Rs 195 to Rs 205,EQ,BRNL,,2026-09-04 03:09:57
Manav infra projects Limited,,08-SEP-2017,04-SEP-2017,11,,12-MAR-2025,30,SME,MANAV-RE,Manav infra projects Limited,2026-09-04 03:09:57
Penta Gold Limited,,06-SEP-2017,04-SEP-2017,35,,-,35,SME,PENTAGOLD,Penta Gold Limited,2026-09-04 03:09:57
Pashupati Cotspin Limited,,31-AUG-2017,28-AUG-2017,670,,17-JUL-2025,75,SME,PASHUPATI,Pashupati Cotspin Limited,2026-09-04 03:09:57
Apex Frozen Foods Limited,apex,24-AUG-2017,22-AUG-2017,   175,04-SEP-2017,04-SEP-2017,Rs 171 to Rs 175,EQ,APEX,,2026-09-04 03:09:57
Seven Hills Beverages Limited,,21-AUG-2017,18-AUG-2017,26,,-,26,SME,SHBL,Seven Hills Beverages Limited,2026-09-04 03:09:57
Lexus Granito (India) Limited,,11-AUG-2017,09-AUG-2017,62.5,,13-MAR-2023,41 to 45,SME,LEXUS,Lexus Granito (India) Limited,2026-09-04 03:09:57
Geekay Wires Limited,,14-AUG-2017,09-AUG-2017,39,,06-MAR-2020,33,SME,GEEKAYWIRE,Geekay Wires Limited,2026-09-04 03:09:57
Servotech Power Systems Limited,,14-AUG-2017,09-AUG-2017,26,,02-SEP-2021,31,SME,SERVOTECH,Servotech Power Systems Limited,2026-09-04 03:09:57
Vaishali Pharma Limited,,10-AUG-2017,07-AUG-2017,40,,15-JAN-2020,71 to 72,SME,VAISHALI,Vaishali Pharma Limited,2026-09-04 03:09:57
Cochin Shipyard Limited,cochinship,03-AUG-2017,01-AUG-2017,   432,11-AUG-2017,11-AUG-2017,Rs 424 to Rs 432,EQ,COCHINSHIP,,2026-09-04 03:09:57
Security and Intelligence Services (India) Limited,sis,02-AUG-2017,31-JUL-2017,   815,10-AUG-2017,10-AUG-2017,Rs 805 to Rs 815,EQ,SIS,,2026-09-04 03:09:57
Surevin BPO Services Limited,,01-AUG-2017,28-JUL-2017,40,,09-AUG-2017,38 to 40,SME,SUREVIN,Surevin BPO Services Limited,2026-09-04 03:09:57
Total Transport Systems Limited,,28-JUL-2017,25-JUL-2017,22.55,,28-AUG-2020,45,SME,TOTAL,Total Transport Systems Limited,2026-09-04 03:09:57
Keerti Knowledge And Skills Limited,,28-JUL-2017,24-JUL-2017,32.5,,13-NOV-2020,52,SME,KEERTI,Keerti Knowledge And Skills Limited,2026-09-04 03:09:57
Shanti Overseas (India) Limited,,26-JUL-2017,21-JUL-2017,22,,16-SEP-2021,50,SME,SHANTI,Shanti Overseas (India) Limited,2026-09-04 03:09:57
Srei Equipment Finance Limited,seflncd3,31-JUL-2017,17-JUL-2017,  1000,10-AUG-2017,27-FEB-2020,1000,NX,SREIBNPNCD,,2026-09-04 03:09:57
Univastu India Limited,,19-JUL-2017,14-JUL-2017,25,,22-JUN-2020,40,SME,UNIVASTU,Univastu India Limited,2026-09-04 03:09:57
Salasar Techno Engineering Limited,salasar,17-JUL-2017,12-JUL-2017,   108,25-JUL-2017,25-JUL-2017,Rs 108,BE,SALASAR,,2026-09-04 03:09:57
Shrenik Limited,,10-JUL-2017,06-JUL-2017,58.5,,02-AUG-2019,40,SME,SHRENIK,Shrenik Limited,2026-09-04 03:09:57
Bansal Multiflex Limited,,04-JUL-2017,30-JUN-2017,31,,12-JUL-2017,31,SME,BANSAL,Bansal Multiflex Limited,2026-09-04 03:09:57
Transwind Infrastructures Limited,,04-JUL-2017,30-JUN-2017,27,,12-JUL-2017,27,SME,TRANSWIND,Transwind Infrastructures Limited,2026-09-04 03:09:57
Ace Integrated Solutions Limited,,05-JUL-2017,29-JUN-2017,46,,04-NOV-2022,40,SME,ACEINTEG,Ace Integrated Solutions Limited,2026-09-04 03:09:57
AU Small Finance Bank Limited,aubank,30-JUN-2017,28-JUN-2017,   358,10-JUL-2017,10-JUL-2017,Rs 355 to Rs 358,EQ,AUBANK,,2026-09-04 03:09:57
Pushpanjali Realms and Infratech Limited,,30-JUN-2017,27-JUN-2017,55,,10-JUL-2017,55,SME,PUSHPREALM,Pushpanjali Realms and Infratech Limited,2026-09-04 03:09:57
Accord Synergy Limited,,28-JUN-2017,22-JUN-2017,60,,06-JUL-2017,60,SME,ACCORD,Accord Synergy Limited,2026-09-04 03:09:57
GTPL Hathway Limited,gtpl,23-JUN-2017,21-JUN-2017,   170,04-JUL-2017,04-JUL-2017,Rs 167 to Rs 170,EQ,GTPL,,2026-09-04 03:09:57
Central Depository Services (India) Limited,cdsl,21-JUN-2017,19-JUN-2017,   149,29-JUN-2017,30-JUN-2017,Rs 145 to Rs 149,EQ,CDSL,,2026-09-04 03:09:57
Eris Lifesciences Limited,eris,20-JUN-2017,16-JUN-2017,   603,28-JUN-2017,29-JUN-2017,Rs 600 to Rs 603,EQ,ERIS,,2026-09-04 03:09:57
Tejas Networks Limited,tejasnet,16-JUN-2017,14-JUN-2017,   257,23-JUN-2017,27-JUN-2017,Rs 250 to Rs 257,EQ,TEJASNET,,2026-09-04 03:09:57
Globe Textiles (India) Limited,,15-JUN-2017,12-JUN-2017,46,,07-OCT-2020,51,SME,GLOBE,Globe Textiles (India) Limited,2026-09-04 03:09:57
Shri Ram Switchgears Limited,,30-MAY-2017,25-MAY-2017,19,,07-JUN-2017,19,SME,SRIRAM,Shri Ram Switchgears Limited,2026-09-04 03:09:57
Vadivarhe Speciality Chemicals Limited,,25-MAY-2017,22-MAY-2017,42,,02-JUN-2017,42,SME,VSCL,Vadivarhe Speciality Chemicals Limited,2026-09-04 03:09:57
Jalan Transolutions (India) Limited,,23-MAY-2017,18-MAY-2017,46,,31-MAY-2017,46,SME,JALAN,Jalan Transolutions (India) Limited,2026-09-04 03:09:57
PSP Projects Limited,pspproject,19-MAY-2017,17-MAY-2017,   210,29-MAY-2017,29-MAY-2017,Rs 205 to Rs 210,BE,PSPPROJECT,,2026-09-04 03:09:57
India Grid Trust,indigrid,19-MAY-2017,17-MAY-2017,  1000,06-JUN-2017,10-MAY-2021,Rs 98 to Rs 100,NF,INDIGRID,,2026-09-04 03:09:57
Housing and Urban Development Corporation Limited,hudco,11-MAY-2017,08-MAY-2017,    60,19-MAY-2017,19-MAY-2017,Rs 56 to Rs 60,EQ,HUDCO,,2026-09-04 03:09:57
IRB InvIT Fund,irbinvit,05-MAY-2017,03-MAY-2017,   102,18-MAY-2017,18-MAY-2017,Rs 100 to Rs 102,IV,IRBINVIT,,2026-09-04 03:09:57
Zota Health Care Limited,,02-MAY-2017,27-APR-2017,198.25,,19-AUG-2019,Rs 121 to Rs 125,SME,ZOTA,Zota Health Care Limited,2026-09-04 03:09:57
S Chand and Company Limited,schand,28-APR-2017,26-APR-2017,   670,08-MAY-2017,09-MAY-2017,Rs 660 to Rs 670,EQ,SCHAND,,2026-09-04 03:09:57
CKP Products Limited,,28-APR-2017,26-APR-2017,50,,09-MAY-2017,Rs 50,SME,CKPPRODUCT,CKP Products Limited,2026-09-04 03:09:57
InfoBeans Technologies Limited,,21-APR-2017,18-APR-2017,60,,15-JUL-2019,Rs 58,SME,INFOBEAN,InfoBeans Technologies Limited,2026-09-04 03:09:57
Panache Digilife Limited,,17-APR-2017,11-APR-2017,52,,06-JAN-2020,Rs 75 to Rs 81,SME,PANACHE,Panache Digilife Limited,2026-09-04 03:09:57
Sikko Industries Limited,,07-APR-2017,05-APR-2017,36,,22-OCT-2021,Rs 32,SME,SIKKO,Sikko Industries Limited,2026-09-04 03:09:57
M K Proteins Limited,,07-APR-2017,31-MAR-2017,712,,13-JUN-2023,Rs 70,SME,MKPL,M K Proteins Limited,2026-09-04 03:09:57
Dev Information Technology Limited,,06-APR-2017,31-MAR-2017,129,,15-FEB-2022,Rs 42,SME,DEVIT,Dev Information Technology Limited,2026-09-04 03:09:57
ASL Industries Limited,,07-APR-2017,31-MAR-2017,35,,18-APR-2017,Rs 35,SME,ASLIND,ASL Industries Limited,2026-09-04 03:09:57
Focus Lighting And Fixtures Limited,,05-APR-2017,30-MAR-2017,78,,24-NOV-2021,Rs 45,SME,FOCUS,Focus Lighting And Fixtures Limited,2026-09-04 03:09:57
Creative Peripherals and Distribution Limited,,03-APR-2017,29-MAR-2017,66.75,,05-AUG-2019,Rs 71 to Rs 75,SME,CREATIVE,Creative Peripherals and Distribution Limited,2026-09-04 03:09:57
Bohra Industries Limited,,27-MAR-2017,23-MAR-2017,6,,27-OCT-2022,Rs 51 to Rs Rs 55,SME,BOHRAIND,Bohra Industries Limited,2026-09-04 03:09:57
Shankara Building Products Limited,shankara,24-MAR-2017,22-MAR-2017,   460,03-APR-2017,05-APR-2017,Rs 440 to Rs 460,EQ,SHANKARA,,2026-09-04 03:09:57
Euro India Fresh Foods Limited,,24-MAR-2017,21-MAR-2017,130,,12-OCT-2021,Rs 78,SME,EIFFL,Euro India Fresh Foods Limited,2026-09-04 03:09:57
CL Educate Limited,cleducate,22-MAR-2017,20-MAR-2017,   502,30-MAR-2017,31-MAR-2017,Rs 500 to Rs 502,BE,CLEDUCATE,,2026-09-04 03:09:57
Laxmi Cotspin Limited,,22-MAR-2017,17-MAR-2017,23,,12-NOV-2021,Rs 20,SME,LAXMICOT,Laxmi Cotspin Limited,2026-09-04 03:09:57
Airan Limited,,16-MAR-2017,14-MAR-2017,38,,03-MAY-2019,Rs 45,SME,AIRAN,Airan Limited,2026-09-04 03:09:57
Avenue Supermarts Limited,dmart,10-MAR-2017,08-MAR-2017,   299,16-MAR-2017,21-MAR-2017,Rs 295 to Rs 299,EQ,DMART,,2026-09-04 03:09:57
Music Broadcast Limited,radiocity,08-MAR-2017,06-MAR-2017,   100,16-MAR-2017,20-APR-2023,Rs 324 to Rs 333,P1,RADIOCITY,,2026-09-04 03:09:57
Sanginita Chemicals Limited,,03-MAR-2017,01-MAR-2017,81.3,,15-JUL-2019,Rs 22,SME,SANGINITA,Sanginita Chemicals Limited,2026-09-04 03:09:57
Akash Infra Projects Limited,,06-MAR-2017,28-FEB-2017,58,,11-OCT-2019,Rs 125,SME,AKASH,Akash Infra Projects Limited,2026-09-04 03:09:57
Nitiraj Engineers Limited,,01-MAR-2017,20-FEB-2017,45.45,,22-APR-2021,Rs 100,SME,NITIRAJ,Nitiraj Engineers Limited,2026-09-04 03:09:57
Global Education limited,,21-FEB-2017,16-FEB-2017,196,,07-DEC-2020,Rs 140 to Rs 150,SME,GLOBAL,Global Education limited,2026-09-04 03:09:57
Krishana Phoschem Limited,,16-FEB-2017,13-FEB-2017,50.5,,22-AUG-2019,Rs 30,SME,KRISHANA,Krishana Phoschem Limited,2026-09-04 03:09:57
Steel City Securities Limited,,09-FEB-2017,06-FEB-2017,56.2,,27-JUN-2019,Rs 55,SME,STEELCITY,Steel City Securities Limited,2026-09-04 03:09:57
Srei Infrastructure Finance Limited,siflncdix,16-FEB-2017,30-JAN-2017,  1000,01-MAR-2017,21-MAR-2018,Rs 1000,YC,SREINFRA,,2026-09-04 03:09:57
BSE Limited,bse,25-JAN-2017,23-JAN-2017,   806,03-FEB-2017,03-FEB-2017,Rs 805 to Rs 806,EQ,BSE,,2026-09-04 03:09:57
Madhav Copper Limited,,27-JAN-2017,23-JAN-2017,70,,19-AUG-2020,Rs 81,SME,MCL,Madhav Copper Limited,2026-09-04 03:09:57
Srei Equipment Finance Limited,seflncdii,06-JAN-2017,03-JAN-2017,  1000,12-JAN-2017,27-FEB-2020,Rs 1000,NX,SREIBNPNCD,,2026-09-04 03:09:57
Maheshwari Logistics Limited,,06-JAN-2017,30-DEC-2016,68,,16-JAN-2017,Rs 68,SME,MAHESHWARI,Maheshwari Logistics Limited,2026-09-04 03:09:57
Prolife Industries Limited,,30-DEC-2016,27-DEC-2016,38,,09-JAN-2017,Rs 38,SME,PROLIFE,Prolife Industries Limited,2026-09-04 03:09:57
Libas Designs Limited,,30-DEC-2016,27-DEC-2016,48.95,,23-JUL-2019,Rs 68,SME,LIBAS,Libas Designs Limited,2026-09-04 03:09:57
Reliance Home Finance Limited,rhflncd1,23-DEC-2016,22-DEC-2016,    10,07-JAN-2017,22-SEP-2017,Rs 1000,BE,RHFL,,2026-09-04 03:09:57
Laurus Labs Limited,lauruslabs,08-DEC-2016,06-DEC-2016,   428,15-DEC-2016,19-DEC-2016,Rs 426 to Rs 428,EQ,LAURUSLABS,,2026-09-04 03:09:57
Sheela Foam Limited,sfl,01-DEC-2016,29-NOV-2016,   730,09-DEC-2016,09-DEC-2016,Rs. 680 to Rs. 730,EQ,SFL,,2026-09-04 03:09:57
Jet Freight Logistics Limited,,28-NOV-2016,24-NOV-2016,48,,21-DEC-2021,Rs 28,SME,JETFREIGHT,Jet Freight Logistics Limited,2026-09-04 03:09:57
GreenSignal Bio Pharma Limited,gsbpl,22-NOV-2016,09-NOV-2016,-,30-NOV-2016,-,Rs 68 to Rs 76,EQ,GSBPL,,2026-09-04 03:09:57
Agro Phos India limited,,07-NOV-2016,27-OCT-2016,57,,08-MAR-2019,Rs 19 to Rs 22,SME,AGROPHOS,Agro Phos India limited,2026-09-04 03:09:57
Varun Beverages Limited,vbl,28-OCT-2016,26-OCT-2016,   445,07-NOV-2016,08-NOV-2016,Rs 440 to Rs 445,EQ,VBL,,2026-09-04 03:09:57
PNB Housing Finance Limited,pnbhf,27-OCT-2016,25-OCT-2016,######,06-NOV-2016,13-JUL-2026,Rs 750 to Rs 775,N0,783PHFL29,,2026-09-04 03:09:57
Endurance Technologies Limited,endurance,07-OCT-2016,05-OCT-2016,   472,16-OCT-2016,19-OCT-2016,Rs 467 to Rs 472,EQ,ENDURANCE,,2026-09-04 03:09:57
Pansari Developers Limited,,06-OCT-2016,30-SEP-2016,55,,18-OCT-2021,Rs. 22,SME,PANSARI,Pansari Developers Limited,2026-09-04 03:09:57
Dhanuka Realty Limited,,06-OCT-2016,30-SEP-2016,40,,18-OCT-2016,Rs. 40,SME,DRL,Dhanuka Realty Limited,2026-09-04 03:09:57
Globe International Carriers Limited,,07-OCT-2016,30-SEP-2016,45,,18-FEB-2026,Rs. 24,SME,GICL,Globe International Carriers Limited,2026-09-04 03:09:57
Art Nirman Limited,,07-OCT-2016,30-SEP-2016,30,,18-OCT-2021,Rs. 25,SME,ARTNIRMAN,Art Nirman Limited,2026-09-04 03:09:57
Sakar Healthcare Limited,,05-OCT-2016,30-SEP-2016,56,,11-APR-2019,Rs 42 to Rs 50,SME,SAKAR,Sakar Healthcare Limited,2026-09-04 03:09:57
Gretex Industries Limited,,05-OCT-2016,30-SEP-2016,20,,14-OCT-2016,Rs 19 to Rs 21,SME,GRETEX,Gretex Industries Limited,2026-09-04 03:09:57
Aurangabad Distillery Limited,,06-OCT-2016,30-SEP-2016,35,,17-OCT-2016,Rs.35,SME,AURDIS,Aurangabad Distillery Limited,2026-09-04 03:09:57
Nandani Creation Limited,,03-OCT-2016,28-SEP-2016,59,,02-SEP-2021,Rs. 28,SME,JAIPURKURT,Nandani Creation Limited,2026-09-04 03:09:57
Jet Knitwears Limited,,29-SEP-2016,27-SEP-2016,39,,07-OCT-2016,Rs. 39,SME,JETKNIT,Jet Knitwears Limited,2026-09-04 03:09:57
HPL Electric and Power Limited,hpl,26-SEP-2016,22-SEP-2016,   202,04-OCT-2016,04-OCT-2016,Rs 175 to Rs 202,EQ,HPL,,2026-09-04 03:09:57
ICICI Prudential Life Insurance Company Limited,icicipruli,21-SEP-2016,19-SEP-2016,######,30-SEP-2016,02-DEC-2025,Rs 300 to Rs 334,N0,769ICPR35,,2026-09-04 03:09:57
Indiabulls Housing Finance Limited,ibhfl,16-SEP-2016,15-SEP-2016,######,20-SEP-2016,09-APR-2024,Rs 1000,Z9,IBULHSG,,2026-09-04 03:09:57
AVSL Industries Limited,,28-SEP-2016,15-SEP-2016,36,,06-OCT-2016,Rs.36,SME,AVSL,AVSL Industries Limited,2026-09-04 03:09:57
GNA Axles Limited,gna,16-SEP-2016,14-SEP-2016,   207,27-SEP-2016,26-SEP-2016,Rs 205 to Rs 207,EQ,GNA,,2026-09-04 03:09:57
L&T Technology Services Limited,ltts,15-SEP-2016,12-SEP-2016,   860,23-SEP-2016,23-SEP-2016,Rs 850 to Rs 860,EQ,LTTS,,2026-09-04 03:09:57
Crown Lifters Limited,,19-SEP-2016,09-SEP-2016,30,,08-FEB-2022,Rs.121,SME,CROWN,Crown Lifters Limited,2026-09-04 03:09:57
Husys Consulting Limited,,19-SEP-2016,09-SEP-2016,50,,21-AUG-2015,Rs.69,SME,HUSYS,Husys Consulting Limited,2026-09-04 03:09:57
Srei Infrastructure Finance Limited,siflncd,28-SEP-2016,07-SEP-2016,  1000,07-OCT-2016,21-MAR-2018,Rs 1000,YC,SREINFRA,,2026-09-04 03:09:57
Dewan Housing Finance Corporation Limited,dhflncd2,30-AUG-2016,29-AUG-2016,  1000,07-SEP-2016,06-JUN-2018,Rs 1000,NZ,DHFL,,2026-09-04 03:09:57
Madhya Bharat Agro Products Limited,,02-SEP-2016,29-AUG-2016,67,,22-AUG-2019,Rs.24,SME,MBAPL,Madhya Bharat Agro Products Limited,2026-09-04 03:09:57
RBL Bank Limited,rblbank,23-AUG-2016,19-AUG-2016,   225,01-SEP-2016,31-AUG-2016,Rs 224 to Rs 225,EQ,RBLBANK,,2026-09-04 03:09:57
Dewan Housing Finance Corporation Limited,dhflncd,04-AUG-2016,03-AUG-2016,  1000,16-AUG-2016,06-JUN-2018,Rs 1000,NZ,DHFL,,2026-09-04 03:09:57
S.P. Apparels Limited,spal,04-AUG-2016,02-AUG-2016,   268,12-AUG-2016,12-AUG-2016,Rs 258 to Rs 268,EQ,SPAL,,2026-09-04 03:09:57
Dilip Buildcon Limited,dbl,03-AUG-2016,01-AUG-2016,   219,11-AUG-2016,11-AUG-2016,Rs 214 to Rs 219,EQ,DBL,,2026-09-04 03:09:57
Advanced Enzyme Technologies Limited,advenzymes,22-JUL-2016,20-JUL-2016,   896,01-AUG-2016,01-AUG-2016,Rs 880 to Rs 896,EQ,ADVENZYMES,,2026-09-04 03:09:57
Larsen & Toubro Infotech Limited,lti,13-JUL-2016,11-JUL-2016,   710,20-JUL-2016,21-JUL-2016,Rs 705 to Rs 710,EQ,LTI,,2026-09-04 03:09:57
Edelweiss Housing Finance Limited,ehflncd,11-JUL-2016,08-JUL-2016,-,28-JUL-2016,-,Rs 1000,DEBT,EHFLNCD,,2026-09-04 03:09:57
KKV Agro Powers Limited,,07-JUL-2016,30-JUN-2016,320,,15-JUL-2016,Rs.320,SME,KKVAPOW,KKV Agro Powers Limited,2026-09-04 03:09:57
Quess Corp Limited,quess,01-JUL-2016,29-JUN-2016,   317,08-JUL-2016,12-JUL-2016,Rs 310 to Rs 317,EQ,QUESS,,2026-09-04 03:09:57
Mahanagar Gas Limited,mgl,23-JUN-2016,21-JUN-2016,   421,30-JUN-2016,01-JUL-2016,Rs 380 to Rs 421,EQ,MGL,,2026-09-04 03:09:57
United Polyfab Gujarat Limited,,30-MAY-2016,25-MAY-2016,17,,31-DEC-2021,Rs.45,SME,UNITEDPOLY,United Polyfab Gujarat Limited,2026-09-04 03:09:57
Parag Milk Foods Limited,parag,11-MAY-2016,04-MAY-2016,   215,19-MAY-2016,19-MAY-2016,Rs 215 to Rs 227,EQ,PARAGMILK,,2026-09-04 03:09:57
Sagardeep Alloys Limited,,09-MAY-2016,04-MAY-2016,95,,25-JAN-2019,Rs.20,SME,SAGARDEEP,Sagardeep Alloys Limited,2026-09-04 03:09:57
Ujjivan Financial Services Limited,ujjivan,02-MAY-2016,28-APR-2016,   210,11-MAY-2016,10-MAY-2016,Rs 207 to Rs 210,EQ,UJJIVAN,,2026-09-04 03:09:57
Thyrocare Technologies Limited,thyrocare,29-APR-2016,27-APR-2016,   446,09-MAY-2016,09-MAY-2016,Rs 420 to Rs 446,EQ,THYROCARE,,2026-09-04 03:09:57
Equitas Holdings Limited,equitas,07-APR-2016,05-APR-2016,   110,15-APR-2016,21-APR-2016,Rs 109 to Rs 110,EQ,EQUITAS,,2026-09-04 03:09:57
Infibeam Incorporation Limited,infibeam,23-MAR-2016,21-MAR-2016,   432,04-APR-2016,04-APR-2016,Rs 360 to Rs 432,EQ,INFIBEAM,,2026-09-04 03:09:57
Bharat Wire Ropes Limited,bwrl,22-MAR-2016,18-MAR-2016,    45,01-APR-2016,01-APR-2016,Rs 40 to Rs 45,EQ,BHARATWIRE,,2026-09-04 03:09:57
HealthCare Global Enterprises Limited,hcg,18-MAR-2016,16-MAR-2016,   218,30-MAR-2016,30-MAR-2016,Rs 205 to Rs 218,EQ,HCG,,2026-09-04 03:09:57
Indian Railway Finance Corporation Limited,irfctfb16,14-MAR-2016,10-MAR-2016,######,28-MAR-2016,03-DEC-2025,Rs 1000,N0,0IRFC35,,2026-09-04 03:09:57
HEC Infra Projects Limited,,18-MAR-2016,10-MAR-2016,38,,30-DEC-2021,Rs.100,SME,HECPROJECT,HEC Infra Projects Limited,2026-09-04 03:09:57
Wealth First Portfolio Managers Limited,,18-MAR-2016,10-MAR-2016,92.1,,20-JAN-2021,Rs.50,SME,WEALTH,Wealth First Portfolio Managers Limited,2026-09-04 03:09:57
National Highways Authority of India,nhaitfb15a,26-FEB-2016,24-FEB-2016,  1000,15-MAR-2016,11-MAR-2016,1000,NC,NHAI,,2026-09-04 03:09:57
Hi-Tech Pipes Limited,,19-FEB-2016,15-FEB-2016,380,,07-MAY-2018,Rs.50,SME,HITECH,Hi-Tech Pipes Limited,2026-09-04 03:09:57
Quick Heal Technologies Limited,qh,10-FEB-2016,08-FEB-2016,   321,18-FEB-2016,18-FEB-2016,Rs 311 to Rs 321,EQ,QUICKHEAL,,2026-09-04 03:09:57
TeamLease Services Limited,teamlease,04-FEB-2016,02-FEB-2016,   850,12-FEB-2016,12-FEB-2016,Rs 785 to Rs 850,EQ,TEAMLEASE,,2026-09-04 03:09:57
Precision Camshafts Limited,precam,29-JAN-2016,27-JAN-2016,   186,05-FEB-2016,08-FEB-2016,Rs 180 to Rs 186,EQ,PRECAM,,2026-09-04 03:09:57
Fourth Dimension Solutions Limited,,07-Jan-2016,30-Dec-2015,,,22-Jan-2016,30,SME,FOURTHDIM,Fourth Dimension Solutions Limited,2026-09-04 03:09:57
Perfect Infraengineers Limited,,04-Nov-2015,30-Oct-2015,,,20-Nov-2015,23,SME,PERFECT,Perfect Infraengineers Limited,2026-09-04 03:09:57
Ahimsa Industries Limited,,01-Oct-2015,24-Sep-2015,,,15-Oct-2015,25,SME,AHIMSA,Ahimsa Industries Limited,2026-09-04 03:09:57
Shaival Reality Limited,,18-Sep-2015,15-Sep-2015,,,01-Oct-2015,100,SME,SHAIVAL,Shaival Reality Limited,2026-09-04 03:09:57
Emkay Taps and Cutting Tools Limited,,30-Jul-2015,27-Jul-2015,,,13-Aug-2015,330,SME,EMKAYTOOLS,Emkay Taps and Cutting Tools Limited,2026-09-04 03:09:57
Supreme (India) Impex Limited,,18-Mar-2015,16-Mar-2015,,,31-Mar-2015,60,SME,SIIL,Supreme (India) Impex Limited,2026-09-04 03:09:57
Momai Apparels Limited,,30-Sep-2014,25-Sep-2014,,,16-Oct-2014,78,SME,MOMAI,Momai Apparels Limited,2026-09-04 03:09:57
Sanco Industries Limited,,26-Feb-2014,24-Feb-2014,,,12-Mar-2014,18,SME,SANCO,Sanco Industries Limited,2026-09-04 03:09:57
MITCON Consultancy & Engineering Services Limited,,18-Oct-2013,15-Oct-2013,,,01-Nov-2013,61,SME,MITCON,MITCON Consultancy & Engineering Services Limited,2026-09-04 03:09:57
Opal Luxury Time Products Limited,,28-Mar-2013,25-Mar-2013,,,12-Apr-2013,130,SME,OPAL,Opal Luxury Time Products Limited,2026-09-04 03:09:57
Veto Switchgears and Cables Limited,,05-Dec-2012,03-Dec-2012,,,13-Dec-2012,50,SME,VETO,Veto Switchgears and Cables Limited,2026-09-04 03:09:57
Thejo Engineering Limited,,06-Sep-2012,04-Sep-2012,,,18-Sep-2012,402,SME,THEJO,Thejo Engineering Limited,2026-09-04 03:09:57
